{"metrics": ["accuracy", "f1", "roc_auc"], "score_map": {"accuracy": 0.9299426020408162, "f1": 0.9287602297083722, "roc_auc": 0.975575829446302}, "input_labels": [0, 1, 0, 1, 0, 0, 0, 0, 1, 1, 0, 1, 1, 1, 0, 0, 0, 1, 0, 0, 0, 0, 0, 1, 1, 0, 1, 1, 1, 1, 0, 0, 0, 0, 0, 0, 0, 1, 0, 1, 1, 0, 1, 0, 0, 1, 1, 1, 0, 1, 0, 1, 0, 1, 0, 0, 0, 0, 1, 0, 0, 0, 0, 0, 0, 0, 1, 1, 0, 0, 1, 1, 1, 1, 1, 1, 0, 0, 1, 0, 0, 0, 0, 1, 0, 0, 1, 1, 0, 0, 1, 1, 1, 0, 1, 0, 0, 1, 1, 0, 0, 1, 1, 0, 1, 0, 1, 0, 1, 1, 1, 0, 0, 0, 0, 1, 1, 0, 1, 1, 1, 0, 1, 0, 1, 0, 1, 1, 1, 0, 0, 0, 1, 0, 1, 0, 0, 0, 1, 1, 0, 0, 1, 0, 1, 0, 1, 0, 0, 1, 1, 0, 0, 0, 1, 1, 0, 1, 0, 0, 1, 0, 1, 0, 1, 0, 0, 1, 0, 1, 1, 1, 0, 0, 1, 1, 1, 1, 1, 0, 0, 0, 1, 0, 0, 1, 0, 1, 0, 1, 1, 1, 1, 0, 0, 0, 1, 0, 0, 1, 1, 0, 1, 1, 1, 0, 1, 1, 0, 1, 1, 0, 1, 1, 1, 1, 0, 1, 0, 0, 1, 0, 0, 0, 0, 1, 1, 1, 1, 1, 1, 1, 0, 0, 1, 1, 0, 0, 0, 1, 0, 1, 0, 0, 0, 0, 0, 1, 1, 1, 0, 0, 1, 1, 0, 1, 0, 1, 1, 0, 1, 0, 1, 1, 0, 1, 1, 0, 1, 0, 0, 1, 0, 1, 0, 0, 0, 0, 0, 1, 1, 0, 0, 0, 0, 0, 0, 1, 1, 1, 0, 1, 0, 0, 1, 0, 1, 1, 1, 0, 0, 1, 0, 1, 0, 0, 0, 1, 1, 1, 0, 0, 0, 1, 0, 1, 0, 1, 1, 1, 1, 0, 0, 0, 0, 0, 0, 1, 1, 0, 1, 0, 0, 0, 1, 1, 0, 1, 1, 0, 1, 0, 1, 1, 0, 1, 1, 0, 1, 0, 0, 1, 1, 0, 1, 0, 1, 1, 1, 0, 1, 1, 1, 1, 1, 1, 1, 0, 0, 1, 1, 1, 0, 1, 0, 0, 1, 1, 1, 0, 1, 1, 0, 1, 1, 1, 1, 1, 1, 1, 1, 0, 0, 0, 1, 0, 0, 0, 1, 1, 0, 0, 0, 0, 0, 1, 0, 1, 0, 1, 0, 0, 1, 0, 0, 0, 1, 0, 1, 1, 0, 0, 1, 0, 0, 1, 1, 0, 1, 1, 0, 1, 1, 0, 0, 1, 0, 1, 1, 1, 1, 1, 0, 0, 1, 1, 0, 1, 0, 1, 1, 0, 1, 0, 1, 0, 0, 0, 1, 0, 1, 1, 0, 1, 1, 1, 1, 0, 0, 1, 0, 0, 0, 0, 0, 0, 0, 1, 0, 0, 0, 0, 1, 0, 0, 1, 1, 1, 0, 1, 0, 0, 0, 0, 0, 0, 1, 1, 1, 0, 0, 0, 0, 1, 1, 1, 0, 1, 0, 1, 0, 1, 0, 1, 0, 1, 1, 0, 1, 1, 1, 1, 0, 1, 1, 1, 0, 1, 1, 1, 0, 1, 0, 0, 0, 1, 0, 1, 0, 1, 0, 0, 1, 1, 0, 1, 1, 1, 1, 1, 1, 1, 0, 1, 1, 0, 0, 0, 0, 1, 1, 1, 1, 0, 1, 1, 0, 1, 0, 1, 0, 0, 0, 0, 1, 1, 1, 0, 1, 1, 0, 0, 0, 1, 1, 0, 0, 0, 1, 0, 1, 1, 0, 0, 1, 1, 1, 0, 1, 0, 0, 0, 0, 1, 0, 1, 1, 1, 0, 0], "output_labels": [0, 1, 0, 1, 0, 0, 0, 0, 1, 1, 0, 1, 1, 1, 0, 0, 0, 1, 0, 0, 0, 0, 1, 1, 1, 0, 1, 0, 1, 0, 0, 0, 0, 0, 0, 0, 0, 1, 0, 1, 1, 0, 1, 0, 0, 1, 1, 1, 0, 0, 0, 1, 0, 1, 0, 0, 0, 0, 1, 0, 1, 0, 0, 0, 0, 0, 1, 0, 0, 0, 1, 1, 1, 1, 1, 1, 0, 0, 1, 0, 0, 0, 0, 1, 0, 0, 1, 1, 0, 0, 1, 1, 1, 0, 1, 0, 0, 1, 1, 0, 0, 1, 1, 0, 1, 0, 1, 0, 1, 0, 1, 0, 0, 0, 0, 1, 1, 0, 1, 1, 1, 0, 1, 0, 0, 0, 1, 1, 1, 0, 0, 1, 1, 0, 1, 0, 0, 0, 1, 1, 0, 0, 1, 0, 1, 0, 1, 1, 0, 0, 1, 0, 1, 0, 1, 1, 0, 1, 0, 1, 1, 0, 1, 0, 1, 0, 0, 1, 0, 1, 0, 0, 0, 0, 1, 1, 1, 1, 1, 0, 0, 0, 1, 0, 0, 1, 0, 1, 0, 1, 0, 1, 1, 0, 0, 1, 1, 0, 0, 1, 1, 0, 1, 1, 1, 0, 1, 1, 0, 1, 1, 0, 1, 1, 1, 1, 0, 1, 0, 0, 1, 0, 0, 0, 0, 1, 1, 1, 0, 1, 1, 1, 0, 0, 1, 0, 0, 0, 0, 1, 0, 1, 0, 0, 0, 0, 0, 1, 0, 1, 0, 0, 1, 1, 0, 1, 0, 1, 1, 0, 1, 0, 1, 1, 0, 1, 1, 0, 1, 0, 0, 1, 0, 1, 0, 0, 1, 0, 0, 0, 1, 0, 0, 0, 0, 0, 0, 1, 1, 1, 0, 1, 0, 0, 1, 0, 1, 1, 1, 0, 0, 1, 1, 1, 0, 0, 1, 1, 1, 1, 0, 0, 0, 1, 1, 1, 0, 0, 1, 1, 1, 0, 0, 0, 0, 0, 0, 1, 1, 0, 1, 0, 0, 0, 0, 1, 0, 0, 1, 0, 1, 0, 1, 1, 0, 1, 1, 0, 1, 0, 0, 1, 0, 0, 1, 0, 1, 1, 0, 0, 1, 1, 1, 1, 1, 1, 1, 0, 0, 1, 1, 1, 0, 1, 0, 0, 1, 1, 1, 0, 1, 1, 0, 1, 1, 1, 1, 1, 1, 1, 1, 0, 1, 0, 1, 0, 0, 0, 1, 1, 0, 1, 0, 0, 0, 1, 0, 1, 0, 1, 0, 0, 1, 0, 1, 0, 1, 0, 1, 1, 0, 0, 1, 0, 0, 1, 1, 0, 1, 1, 0, 1, 1, 0, 0, 1, 0, 1, 1, 1, 1, 1, 0, 0, 1, 1, 0, 0, 0, 1, 1, 0, 1, 0, 0, 0, 0, 0, 1, 0, 1, 1, 0, 1, 1, 1, 1, 0, 0, 1, 0, 0, 0, 0, 0, 0, 0, 1, 0, 0, 0, 0, 1, 0, 0, 1, 1, 1, 0, 1, 0, 0, 0, 0, 0, 0, 1, 0, 1, 0, 0, 0, 0, 1, 1, 1, 0, 1, 0, 0, 0, 1, 0, 1, 0, 1, 1, 0, 1, 1, 1, 1, 0, 1, 1, 1, 0, 1, 1, 1, 0, 1, 0, 0, 0, 1, 0, 1, 0, 0, 0, 0, 1, 1, 0, 1, 1, 1, 1, 1, 1, 0, 0, 0, 1, 0, 0, 0, 0, 1, 1, 1, 1, 0, 1, 1, 0, 1, 0, 1, 0, 0, 0, 0, 1, 1, 1, 0, 1, 1, 0, 0, 0, 1, 1, 0, 0, 0, 1, 0, 1, 1, 0, 1, 0, 1, 1, 0, 1, 0, 0, 0, 0, 1, 0, 1, 0, 1, 0, 0], "output_probs": [3.4809112548828125e-05, 0.9999785423278809, 3.719329833984375e-05, 0.9997730255126953, 0.0012461543083190918, 0.0008643865585327148, 3.5762786865234375e-05, 3.528594970703125e-05, 0.9999732971191406, 0.6064841151237488, 3.4809112548828125e-05, 0.9999732971191406, 0.989750325679779, 0.9872038960456848, 8.869171142578125e-05, 3.4809112548828125e-05, 0.00019121170043945312, 0.9961059093475342, 3.4809112548828125e-05, 0.0004354715347290039, 4.1961669921875e-05, 0.0011296868324279785, 0.9991897344589233, 0.9993736147880554, 0.9999570846557617, 0.0007688403129577637, 0.9999775886535645, 0.48019838333129883, 0.9999771118164062, 0.05180227756500244, 3.528594970703125e-05, 0.1451282501220703, 3.4809112548828125e-05, 0.019951701164245605, 3.4332275390625e-05, 0.00011873245239257812, 3.9577484130859375e-05, 0.9999785423278809, 3.4332275390625e-05, 0.9964441061019897, 0.9761708974838257, 3.4809112548828125e-05, 0.9999790191650391, 8.7738037109375e-05, 3.62396240234375e-05, 0.9954463243484497, 0.9998760223388672, 0.9135826826095581, 7.772445678710938e-05, 0.12360090017318726, 0.00019359588623046875, 0.8290290236473083, 0.1580439805984497, 0.9999790191650391, 3.528594970703125e-05, 4.4345855712890625e-05, 0.001721799373626709, 3.4332275390625e-05, 0.9999790191650391, 0.0008128881454467773, 0.5988491773605347, 3.62396240234375e-05, 0.0012913942337036133, 3.5762786865234375e-05, 3.528594970703125e-05, 0.0015668272972106934, 0.7965863347053528, 0.22251999378204346, 0.00022983551025390625, 3.3855438232421875e-05, 0.9999790191650391, 0.999974250793457, 0.9523150324821472, 0.999976634979248, 0.9925832748413086, 0.9321078062057495, 0.00012874603271484375, 3.4332275390625e-05, 0.9999771118164062, 3.4332275390625e-05, 0.00026410818099975586, 0.010743200778961182, 3.719329833984375e-05, 0.9968096017837524, 9.632110595703125e-05, 3.4809112548828125e-05, 0.899556040763855, 0.9999713897705078, 8.487701416015625e-05, 3.4332275390625e-05, 0.9999747276306152, 0.998286783695221, 0.9490572810173035, 3.5762786865234375e-05, 0.9999794960021973, 0.01945328712463379, 3.62396240234375e-05, 0.998944103717804, 0.999976634979248, 0.0005996823310852051, 3.337860107421875e-05, 0.9991599321365356, 0.9999785423278809, 7.915496826171875e-05, 0.8967959880828857, 4.291534423828125e-05, 0.9764782786369324, 0.10967099666595459, 0.9999794960021973, 0.23469436168670654, 0.9991391897201538, 3.719329833984375e-05, 0.0004755258560180664, 4.2438507080078125e-05, 3.814697265625e-05, 0.9999790191650391, 0.9999771118164062, 0.0009263157844543457, 0.9999785423278809, 0.9994067549705505, 0.9999775886535645, 3.4332275390625e-05, 0.9999794960021973, 8.916854858398438e-05, 3.9577484130859375e-05, 3.528594970703125e-05, 0.9999747276306152, 0.9999585151672363, 0.999976634979248, 3.3855438232421875e-05, 3.5762786865234375e-05, 0.9708535671234131, 0.9999747276306152, 8.058547973632812e-05, 0.9548428654670715, 0.0031169652938842773, 3.4332275390625e-05, 4.4345855712890625e-05, 0.9999752044677734, 0.999931812286377, 0.03106456995010376, 0.006548821926116943, 0.9999442100524902, 7.104873657226562e-05, 0.9999790191650391, 5.1021575927734375e-05, 0.8919920325279236, 0.7609857320785522, 0.019487857818603516, 0.07155311107635498, 0.9999790191650391, 6.389617919921875e-05, 0.9999790191650391, 3.3855438232421875e-05, 0.9999213218688965, 0.9996407628059387, 0.0005375146865844727, 0.9998779296875, 3.528594970703125e-05, 0.5308897495269775, 0.9998307228088379, 0.00034493207931518555, 0.9809741973876953, 3.7670135498046875e-05, 0.9999771118164062, 3.6716461181640625e-05, 3.3855438232421875e-05, 0.9996433854103088, 0.0058460235595703125, 0.9624391794204712, 0.0714881420135498, 0.11365526914596558, 3.528594970703125e-05, 4.291534423828125e-05, 0.9999790191650391, 0.9999556541442871, 0.999153733253479, 0.9508801698684692, 0.9999790191650391, 3.4332275390625e-05, 0.0024900436401367188, 5.054473876953125e-05, 0.9999790191650391, 5.6743621826171875e-05, 7.104873657226562e-05, 0.9999785423278809, 3.4332275390625e-05, 0.9991370439529419, 3.337860107421875e-05, 0.8070554137229919, 0.018810153007507324, 0.999976634979248, 0.9995218515396118, 