{"metrics": ["accuracy"], "train.score": {"loss": [1.228959229939124, 0.7144321816809037, 0.5697095104876686, 0.4130133307155441, 0.34631405551643935, 0.2829130322617643, 0.241293423316058, 0.2396027108325678, 0.19233912317191854, 0.1992591994211954, 0.1607355801936458, 0.1564069697085549, 0.1292517787831671, 0.1062640460098491, 0.11155715814846404, 0.08875739048509036, 0.07951642967322294, 0.05665051345439518, 0.05936888013692463, 0.048340227674035466, 0.039558992118519896, 0.030797682688845432, 0.03642575199003605, 0.04332025206702597, 0.02548932986717452, 0.025194691384539884, 0.02329599654630703, 0.011887894833789152, 0.013104973443071632], "accuracy": [0.7371323529411765, 0.7940208978328173, 0.8136609907120743, 0.8529411764705882, 0.8632933436532508, 0.8952205882352942, 0.9013157894736842, 0.9025735294117647, 0.9301470588235294, 0.9191176470588235, 0.9356617647058824, 0.9331462848297214, 0.9485294117647058, 0.96875, 0.9577205882352942, 0.9650735294117647, 0.9779411764705882, 0.9889705882352942, 0.9816176470588235, 0.9852941176470589, 0.9908088235294118, 0.9944852941176471, 0.9871323529411765, 0.9852941176470589, 0.9908088235294118, 0.9944852941176471, 0.9926470588235294, 0.9981617647058824, 0.9981617647058824]}, "val.score": {"loss": [0.8029919594526291, 0.6063928186893464, 0.5008408486843109, 0.44040069729089737, 0.40732173472642896, 0.38466968238353727, 0.3738404095172882, 0.36504451632499696, 0.3625054985284805, 0.3619150727987289, 0.3650112241506577, 0.36770605146884916, 0.372471721470356, 0.37957002222537994, 0.3806809574365616, 0.3854776233434677, 0.3920683190226555, 0.4033151105046272, 0.41111467853188516, 0.4154542088508606, 0.41711487621068954, 0.4259876921772957, 0.4272471584379673, 0.4348706565797329, 0.4451326884329319, 0.4500341761857271, 0.45241465196013453, 0.4656404472887516, 0.4714822255074978], "accuracy": [0.8125, 0.85, 0.8625, 0.8625, 0.86875, 0.8625, 0.86875, 0.86875, 0.86875, 0.875, 0.88125, 0.8875, 0.8875, 0.8875, 0.8875, 0.89375, 0.89375, 0.89375, 0.90625, 0.90625, 0.90625, 0.90625, 0.90625, 0.90625, 0.90625, 0.90625, 0.90625, 0.9, 0.9]}, "n_epochs": 100, "stopped_epoch": 28, "monitor": "accuracy", "best_epoch": 18, "best_score": 0.90625, "best_chk": "../output/exp1/exp1.train.1.model_18.chk"}