{"metrics": ["accuracy"], "train.score": {"loss": [0.6781552154806596, 0.5971099892749062, 0.5263835071008417, 0.45399056884306893, 0.3888420858715154, 0.3154121616595908, 0.27581161298329315, 0.20350860710008234, 0.1716768701053873, 0.1553273776286765, 0.11390917267225965, 0.09667724064445193, 0.0883629109380366, 0.07574388686614701, 0.0597161777977702, 0.057932414420986476, 0.044999376870691776, 0.03564236505263591, 0.038496645037792154, 0.032411213357095854, 0.03040241916322067, 0.02883238064808936, 0.028782874781968473, 0.029396393672339146, 0.03031066255172408, 0.028650511185862596, 0.026492425924332083, 0.02925996044414896, 0.027719512228158456, 0.02371242263389728, 0.024507890991819433, 0.023636227874438975, 0.02500492259506372, 0.027894865014130556, 0.021628560247842835, 0.023489107047738152, 0.020223607282637605, 0.02332119939589425, 0.022873411276318794, 0.021734450413267825, 0.02545447041917168, 0.022510240909560948, 0.018606124702204442, 0.022972173461266145, 0.023178866451393953, 0.019390339577051847, 0.0217014881693817, 0.019348103305489958], "accuracy": [0.5549681406089634, 0.6556129903637815, 0.7174924627950736, 0.7699553291424336, 0.8134109683259209, 0.8565195931691185, 0.8823224925875242, 0.9168395056448855, 0.9292580753221575, 0.9392194805565058, 0.956145227505987, 0.9639880188733038, 0.966331145227506, 0.9715648698540313, 0.9773879397593797, 0.9793011959744555, 0.9848961897023606, 0.9864860410252024, 0.9870415312464363, 0.9882736771581707, 0.9893120474113353, 0.9897989365948228, 0.9896848985061011, 0.989148563120082, 0.9894679588607594, 0.990590075835329, 0.9916435917721519, 0.9896773256642719, 0.990738414442924, 0.9923358386075949, 0.991495253164557, 0.9924841772151899, 0.9917692118542593, 0.9901031866518416, 0.9931537055251454, 0.9923282657657657, 0.9926668163416582, 0.9922218005188733, 0.9924120124871707, 0.9925336234177216, 0.9920507433857909, 0.9924538858478733, 0.9942490948226708, 0.9927808544303798, 0.9920315885505758, 0.9934160822214619, 0.9931764240506329, 0.9934236550632911]}, "val.score": {"loss": [0.6413246601819992, 0.5976051300764084, 0.5902625024318695, 0.5565344586968421, 0.5689949154853821, 0.7212221264839173, 0.7820134848356247, 0.723547288775444, 0.7496077060699463, 0.7000928729772568, 1.0550810545682907, 1.0139726161956788, 1.069856482744217, 1.0676863580942153, 1.0931425213813781, 1.0688953816890716, 1.0209510028362274, 1.2130019694566727, 1.1039157122373582, 1.1215620398521424, 1.0691253691911697, 1.0905932754278183, 1.3297814100980758, 1.0821606069803238, 1.1542373090982436, 1.1548819482326507, 1.169136369228363, 1.2415487706661223, 1.2153250455856324, 1.2607829034328462, 1.241010409593582, 1.2732708364725114, 1.0156710475683213, 1.048106101155281, 1.1423724085092544, 1.2001380532979966, 1.2044565856456757, 1.149695062637329, 1.1433044224977493, 1.1794457346200944, 1.1461880058050156, 1.1814548790454864, 1.2508911043405533, 1.323626983165741, 1.0984668254852294, 1.3485825777053833, 1.1147113889455795, 1.2930206835269928], "accuracy": [0.6256114130434782, 0.6754161005434782, 0.6924422554347827, 0.7090098505434782, 0.7023097826086957, 0.6904466711956522, 0.7360139266304347, 0.7432150135869565, 0.7572605298913043, 0.7528957201086957, 0.7420006793478261, 0.7599949048913043, 0.7546535326086957, 0.755859375, 0.7601647418478261, 0.7601137907608695, 0.755859375, 0.7591032608695653, 0.7643851902173913, 0.7742612092391304, 0.7757048233695653, 0.7726647418478261, 0.7689113451086957, 0.7694972826086957, 0.7691830842391305, 0.7720618206521739, 0.7705502717391305, 0.7766389266304348, 0.7728940217391305, 0.7780825407608696, 0.7777683423913043, 0.7759001358695652, 0.7732931385869566, 0.7788722826086957, 0.7747622282608695, 0.7721467391304347, 0.7793733016304347, 0.7842561141304347, 0.7760954483695652, 0.7726987092391304, 0.7734035326086957, 0.7815641983695653, 0.7783542798913043, 0.7741423233695652, 0.7732421875, 0.7813688858695652, 0.7753481657608695, 0.7804262907608696]}, "n_epochs": 100, "stopped_epoch": 47, "monitor": "accuracy", "best_epoch": 37, "best_score": 0.7842561141304347, "best_chk": "../output/exp1.train_0.model_37.chk"}