{"score_map": {"accuracy": 0.8744999999999999, "f1": 0.8647999399824385}, "output_labels": [1, 1, 0, 0, 0, 1, 0, 1, 1, 0, 1, 0, 1, 0, 1, 1, 1, 0, 0, 0, 1, 1, 0, 0, 1, 0, 1, 1, 1, 1, 1, 0, 0, 1, 1, 0, 1, 1, 1, 1, 1, 0, 0, 0, 0, 0, 0, 0, 1, 0, 0, 0, 1, 0, 1, 0, 0, 1, 0, 0, 0, 0, 1, 0, 1, 1, 0, 0, 0, 0, 1, 0, 0, 1, 0, 0, 1, 0, 0, 0, 1, 0, 0, 0, 1, 1, 0, 0, 1, 1, 1, 1, 0, 1, 1, 0, 1, 1, 1, 1, 0, 0, 1, 1, 1, 1, 1, 0, 0, 1, 0, 1, 1, 0, 0, 0, 0, 0, 1, 0, 1, 1, 0, 0, 0, 1, 1, 0, 0, 0, 1, 1, 1, 0, 0, 0, 1, 1, 0, 0, 1, 0, 0, 0, 0, 1, 0, 1, 0, 0, 1, 1, 1, 1, 1, 0, 0, 1, 1, 0, 1, 1, 0, 0, 0, 1, 0, 1, 0, 0, 0, 1, 1, 1, 1, 0, 1, 1, 1, 0, 1, 1, 1, 0, 1, 1, 0, 1, 1, 1, 0, 0, 1, 0, 0, 0, 0, 1, 0, 0, 0, 1, 1, 1, 1, 1, 1, 1, 0, 1, 1, 0, 1, 0, 1, 1, 1, 0, 1, 1, 1, 0, 1, 0, 0, 0, 1, 1, 1, 0, 0, 0, 1, 0, 0, 0, 1, 1, 1, 0, 1, 0, 0, 0, 1, 0, 1, 0, 1, 0, 1, 0, 1, 0, 1, 1, 1, 0, 0, 0, 1, 0, 0, 1, 1, 0, 1, 1, 1, 1, 0, 0, 0, 0, 0, 0, 0, 0, 1, 1, 1, 0, 1, 0, 0, 1, 1, 1, 0, 0, 1, 0, 0, 1, 1, 0, 1, 0, 1, 1, 0, 0, 1, 1, 0, 1, 1, 1, 0, 0, 0, 1, 1, 0, 0, 1, 1, 0, 0, 0, 0, 1, 1, 1, 1, 1, 1, 0, 1, 1, 1, 1, 1, 0, 1, 0, 0, 0, 0, 0, 0, 0, 1, 1, 1, 1, 1, 0, 0, 0, 0, 1, 1, 1, 1, 0, 0, 1, 1, 0, 0, 0, 1, 0, 1, 0, 0, 0, 0, 1, 0, 0, 1, 1, 0, 1, 0, 1, 0, 1, 0, 1, 1, 1, 1, 0, 0, 1, 0, 0, 0, 0, 0, 1, 1, 0, 0, 0, 0, 0, 0, 0, 0, 0, 0, 0, 1, 0, 0, 0, 1, 0, 0, 1, 0, 1, 0, 0, 0, 0, 1, 1, 0, 1, 0, 0, 1, 1, 1, 0, 0, 0, 0, 0, 1, 1, 0, 0, 1, 0, 1, 0, 0, 0, 0, 0, 0, 0, 0, 1, 0, 1, 0, 1, 1, 1, 1, 1, 0, 0, 0, 0, 1, 1, 0, 0, 0, 1, 0, 1, 0, 0, 0, 1, 1, 0, 0, 0, 1, 0, 1, 1, 0, 0, 0, 0, 0, 0, 0, 1, 0, 0, 0, 0, 0, 0, 1, 0, 0, 1, 1, 1, 0, 0, 0, 1, 0, 1, 1, 1, 1, 0, 1, 0, 0, 0, 0, 0, 0, 1, 0, 1, 1, 1, 0, 0, 1, 1, 0, 1, 0, 1, 1, 0, 1, 0, 0, 1, 0, 0, 1, 0, 1, 0, 1, 0, 0, 1, 0, 1, 0, 1, 0, 0, 0, 0, 1, 0, 0, 1, 1, 1, 1, 1, 1, 1, 0, 0, 0, 1, 1, 1, 1, 0, 1, 0, 0, 0, 1, 0, 0, 0, 0, 0, 1, 0, 0, 0, 0, 0, 1, 0, 0, 0, 1, 0, 0, 0, 1, 0, 0, 0, 1, 0, 1, 1, 1, 1, 0, 0, 0, 1, 0, 0, 0, 1, 1, 1, 1, 1, 1, 1, 0, 0, 1, 0, 1, 0, 1, 0, 0, 1, 1, 1, 0, 1, 1, 0, 1, 0, 1, 1, 0, 0, 0, 1, 1, 1, 0, 0, 1, 0, 1, 1, 1, 0, 0, 0, 0, 1, 1, 1, 1, 1, 1, 0, 0, 0, 1, 1, 0, 1, 0, 0, 1, 0, 0, 1, 0, 1, 1, 1, 1, 0, 0, 1, 0, 1, 0, 0, 0, 0, 0, 0, 1, 0, 1, 1, 0, 1, 0, 1, 1, 1, 1, 1, 0, 0, 0, 0, 1, 1, 1, 0, 0, 1, 1, 0, 0, 1, 1, 0, 0, 1, 1, 0, 0, 1, 1, 0, 1, 0, 1, 1, 1, 1, 0, 1, 0, 0, 0, 1, 1, 1, 0, 0, 1, 1, 0, 0, 0, 1, 0, 0, 0, 0, 1, 0, 1, 0, 0, 1, 0, 1, 0], "output_probs": [0.9990122318267822, 0.9940221905708313, 0.9993360042572021, 0.7898184061050415, 0.9989710450172424, 0.9975011348724365, 0.9992063641548157, 0.9945629239082336, 0.9989755749702454, 0.9852408170700073, 0.8883218169212341, 0.9967052340507507, 0.904145359992981, 0.9988576769828796, 0.9478327631950378, 0.9994291663169861, 0.9978412985801697, 0.9989503026008606, 0.9992590546607971, 0.9985585808753967, 0.9983640909194946, 0.9981099367141724, 0.9994110465049744, 0.9971200227737427, 0.9377596974372864, 0.9986597895622253, 0.9990301132202148, 0.9977751970291138, 0.9992263913154602, 0.9978539347648621, 0.8946412205696106, 0.7735787630081177, 0.9991146922111511, 0.9986423850059509, 0.9981470704078674, 0.8485667109489441, 0.9970011711120605, 0.9969885349273682, 0.8212343454360962, 0.9966441988945007, 0.9991885423660278, 0.9991925358772278, 0.732093095779419, 0.999360978603363, 0.907936692237854, 0.9991575479507446, 0.9994189143180847, 0.9992592930793762, 0.9799094200134277, 0.9991754293441772, 0.9994377493858337, 0.9993190765380859, 0.9986719489097595, 0.9993507862091064, 0.9935430884361267, 0.9928386211395264, 0.9994555711746216, 0.9977483153343201, 0.9991501569747925, 0.9913434982299805, 0.9889582395553589, 0.9965963959693909, 0.9990896582603455, 0.5961357951164246, 0.5219565629959106, 0.9950548410415649, 0.9847659468650818, 0.9993907809257507, 0.9994643926620483, 0.9993674159049988, 0.9698861241340637, 0.9980026483535767, 0.999165415763855, 0.9972277283668518, 0.9992108941078186, 0.9994229674339294, 0.999130368232727, 0.9982631802558899, 0.9989293813705444, 0.9987169504165649, 0.9977033138275146, 0.9993305206298828, 0.7964427471160889, 0.9966114163398743, 0.9991823434829712, 0.9881870746612549, 0.9991801977157593, 0.9992344975471497, 0.9956274628639221, 0.9606836438179016, 0.9992066025733948, 0.9870968461036682, 0.9993767142295837, 0.9990910887718201, 0.99797123670578, 0.9979148507118225, 0.9961065649986267, 0.977490246295929, 0.9791714549064636, 0.9978137016296387, 0.9984905123710632, 0.9852116703987122, 0.9913069009780884, 0.997259795665741, 0.9991356134414673, 0.9601779580116272, 0.9946971535682678, 0.8846204280853271, 0.9992885589599609, 0.9728578329086304, 0.8900466561317444, 0.6609974503517151, 0.9987074136734009, 0.9994255900382996, 0.9834604263305664, 0.9969923496246338, 0.9452091455459595, 0.9994267821311951, 0.9980618953704834, 0.9992763996124268, 0.9972674250602722, 0.9979890584945679, 0.9884858727455139, 0.9973862767219543, 0.9992554783821106, 0.5713070034980774, 0.9831931591033936, 0.840038001537323, 0.9992664456367493, 0.9970840811729431, 0.9990363121032715, 0.9828481674194336, 0.9606361389160156, 0.9992361664772034, 0.9877148270606995, 0.8119263052940369, 0.995265781879425, 0.9976072311401367, 0.9992254376411438, 0.9993926882743835, 0.9991589784622192, 0.9981187582015991, 0.9989882111549377, 0.9879319667816162, 0.9985738396644592, 0.997442901134491, 0.9991915822029114, 0.9573677778244019, 0.8249803781509399, 0.9992914199829102, 0.9966755509376526, 0.9815444350242615, 0.9988909959793091, 0.9990541934967041, 0.996347188949585, 0.9993810057640076, 0.9931648969650269, 0.9371823668479919, 0.9968311786651611, 0.9989150762557983, 0.9921708703041077, 0.9991337060928345, 0.9992192387580872, 0.9993807673454285, 0.8181829452514648, 0.9960830807685852, 0.9992511868476868, 0.9789333343505859, 0.9990763068199158, 0.7317966222763062, 0.9993969798088074, 0.982613205909729, 0.9980233311653137, 0.9987802505493164, 0.9988803267478943, 0.9973919987678528, 0.995343804359436, 0.9990865588188171, 0.992038905620575, 0.9337721467018127, 0.9031586050987244, 0.9977145195007324, 0.6052438020706177, 0.9950640797615051, 0.9985640645027161, 0.6953056454658508, 0.999055802822113, 0.9992285370826721, 0.9960149526596069, 0.9992499947547913, 0.9993543028831482, 0.9970574975013733, 0.9986779093742371, 0.9980940222740173, 0.9994437098503113, 0.7508862614631653, 0.877091109752655, 0.9716219902038574, 0.8656111359596252, 0.9866380095481873, 0.8736401200294495, 0.93471360206604, 0.9975468516349792, 0.9980387687683105, 0.9967839121818542, 0.9975687265396118, 0.963058590888977, 0.9993550181388855, 0.9991775751113892, 0.96213698387146, 0.904116153717041, 0.9993800520896912, 0.9985721707344055, 0.99687659740448, 0.9954541921615601, 0.995773434638977, 0.8744254112243652, 0.9991832971572876, 0.9977378249168396, 0.9993607401847839, 0.6506582498550415, 0.8793662786483765, 0.9990996718406677, 0.9993805289268494, 0.9680661559104919, 0.9978282451629639, 0.9990610480308533, 0.9408695697784424, 0.9958677291870117, 0.9982762932777405, 0.997968852519989, 0.999290943145752, 0.970786452293396, 0.9791728258132935, 0.9994413256645203, 0.9991904497146606, 0.9992709159851074, 0.997994065284729, 0.9981725215911865, 0.9990684390068054, 0.9987743496894836, 0.973278820514679, 0.987625777721405, 0.9991718530654907, 0.7821968793869019, 0.9993974566459656, 0.9990758299827576, 0.992686927318573, 0.6189033389091492, 0.9992573857307434, 0.9925477504730225, 0.993109941482544, 0.9979504942893982, 0.9993324279785156, 0.5443956851959229, 0.9963163137435913, 0.9992638230323792, 0.995247483253479, 0.9993541240692139, 0.8372102379798889, 0.9991580247879028, 0.9966163635253906, 0.9922143816947937, 0.9976878762245178, 0.9700673222541809, 0.9811383485794067, 0.9985274076461792, 0.9729923605918884, 0.996284008026123, 0.9974799752235413, 0.9993893504142761, 0.9991365671157837, 0.9991635084152222, 0.9825159907341003, 0.6571258306503296, 0.9992895126342773, 0.9991130232810974, 0.9980183243751526, 0.9781274199485779, 0.9968373775482178, 0.998353898525238, 