{"metrics": ["accuracy"], "train.score": {"loss": [0.6836203283901456, 0.6209373194960099, 0.5551989772651769, 0.49581118437308297, 0.43807711197605614, 0.3831919609462913, 0.3302038613282427, 0.3052227073408003, 0.27469085397410997, 0.2682349106084697, 0.2619177528150097, 0.3209890462929689, 0.34218781818694705, 0.29804977937306787, 0.3087999867864802, 0.5427955936027479, 0.6934170315537271, 0.693185472790199, 0.6931703332104261, 0.6931701370432407, 0.6931709202030037, 0.6931720266613779, 0.6931732757182061, 0.6931745443917527, 0.6931758187239683, 0.6931770523137684, 0.6931768584100506, 0.6931765298300152], "accuracy": [0.5441483951175407, 0.6394170999095841, 0.6961389579566004, 0.7438121609403255, 0.7855023734177216, 0.8218947784810127, 0.8505665122061484, 0.8697092563291139, 0.8840486550632911, 0.8877076740506329, 0.8902788765822784, 0.8599118444846294, 0.8488429588607594, 0.8728738132911392, 0.8641147716998193, 0.6825059335443038, 0.5032634493670886, 0.49530261075949367, 0.4967365506329114, 0.49742879746835444, 0.4982199367088608, 0.4970332278481013, 0.49723101265822783, 0.49723101265822783, 0.49723101265822783, 0.49614319620253167, 0.49614319620253167, 0.49614319620253167]}, "val.score": {"loss": [0.6611821487545967, 0.6018244363367558, 0.553631579130888, 0.5791225619614124, 0.5800313167273998, 0.6386499457061291, 0.6479011058807373, 0.6293187722563743, 0.7457105278968811, 0.8001663103699684, 0.7250396966934204, 0.7153572693467141, 0.7436872251331806, 0.6914468437433243, 0.6556190118193627, 0.6935283705592156, 0.6931684970855713, 0.6931578621268273, 0.6931542083621025, 0.69315235465765, 0.6931517913937568, 0.6931515201926232, 0.6931517481803894, 0.6931520208716393, 0.6931523695588112, 0.6931521862745285, 0.6931521236896515, 0.6931519508361816], "accuracy": [0.6050564236111111, 0.6746961805555556, 0.6842447916666666, 0.6947048611111111, 0.7061848958333334, 0.7146050347222223, 0.7192057291666666, 0.7084635416666666, 0.6977430555555555, 0.692556423611111, 0.6982855902777778, 0.7207682291666666, 0.7272352430555555, 0.72265625, 0.7246961805555555, 0.4985026041666666, 0.4985026041666666, 0.4985026041666666, 0.4985026041666666, 0.4985026041666666, 0.4985026041666666, 0.4985026041666666, 0.4985026041666666, 0.4985026041666666, 0.4985026041666666, 0.4985026041666666, 0.4985026041666666, 0.4985026041666666]}, "n_epochs": 150, "stopped_epoch": 27, "monitor": "accuracy", "best_epoch": 12, "best_score": 0.7272352430555555, "best_chk": "../output/exp1/train.0.model_12.chk"}