{"metrics": ["accuracy"], "train.score": {"loss": [0.6756022693235663, 0.5996707136495204, 0.5325147073857391, 0.4736796616564823, 0.4142733265799058, 0.3560725906510142, 0.30064645535725204, 0.2582279459921101, 0.22070411891275662, 0.16475308191950752, 0.1496587464633056, 0.13225918717658783, 0.12098486962009079, 0.09720559137920508, 0.08563439853347932, 0.07858412033477444, 0.07196781704131561, 0.061788103095244004, 0.05591047434224688, 0.055134321002973406, 0.0507200930261678, 0.04410954321958596, 0.04338404989567043, 0.047973766531338446, 0.04084593191583747, 0.03862724299955217, 0.04375521927744834, 0.039084962693881536, 0.038230755056189725, 0.04098612439518064, 0.040270536426875496, 0.03684360652799494, 0.046725951236837746, 0.038046285981250504, 0.0333505491536373, 0.03134813593646005, 0.03290391736792819, 0.03082211785087704, 0.034768757115625125], "accuracy": [0.5656504294755877, 0.6501469258589512, 0.711375452079566, 0.7587519778481012, 0.7979133702531646, 0.832765879294756, 0.8662974683544303, 0.8869659810126582, 0.9075850474683544, 0.9322092563291139, 0.9408128955696202, 0.9488726265822784, 0.9541633702531646, 0.9642998417721519, 0.9673655063291139, 0.9705795094936709, 0.9739912974683544, 0.9776503164556962, 0.9799742879746836, 0.9807654272151899, 0.9812104430379747, 0.9849189082278481, 0.9842761075949367, 0.9829905063291139, 0.9854628164556962, 0.9864517405063291, 0.9845233386075949, 0.9865011867088608, 0.9868967563291139, 0.9859572784810127, 0.985215585443038, 0.9867978639240507, 0.9846716772151899, 0.9872923259493671, 0.9895668512658228, 0.9886273734177216, 0.9881329113924051, 0.9894185126582279, 0.9876384493670886]}, "val.score": {"loss": [0.6424941509962082, 0.5865776136517524, 0.580186378955841, 0.5703396238386631, 0.6087895184755325, 0.6330494113266468, 0.8698952674865723, 0.7842501536011696, 0.7672143831849099, 0.8911093354225159, 0.8324352711439132, 0.782900533080101, 0.8855187088251114, 1.0019299060106277, 0.916877469420433, 1.1807211220264435, 1.0216476023197174, 1.1663508534431457, 1.0833621352910996, 1.085197852551937, 1.2918056190013885, 1.0824623093008996, 1.2063039883971214, 1.2281709998846053, 1.1774105608463288, 1.2413498401641845, 0.9661705732345581, 1.1699079126119614, 1.1457825183868409, 1.0472285330295563, 1.156726275384426, 1.1662716314196586, 1.007698792219162, 1.1247475683689117, 1.1706432223320007, 1.1456041023135186, 1.1737710416316987, 1.0965367808938027, 1.2054425969719886], "accuracy": [0.595703125, 0.6562934027777778, 0.685373263888889, 0.6869574652777778, 0.6728949652777778, 0.6991970486111111, 0.7189453125, 0.728515625, 0.7192925347222222, 0.7329861111111111, 0.738064236111111, 0.736501736111111, 0.7514539930555555, 0.7541883680555556, 0.7557508680555556, 0.7512586805555556, 0.7630642361111111, 0.7534071180555555, 0.7561197916666667, 0.7587890625, 0.7525173611111111, 0.7597439236111111, 0.7560546875, 0.7727647569444445, 0.7717881944444445, 0.7680555555555555, 0.7674696180555556, 0.772677951388889, 0.770681423611111, 0.7661675347222222, 0.7674696180555556, 0.7630859375, 0.7618055555555555, 0.7690972222222222, 0.7647569444444444, 0.7694227430555556, 0.7705295138888889, 0.7656467013888889, 0.7639756944444445]}, "n_epochs": 150, "stopped_epoch": 38, "monitor": "accuracy", "best_epoch": 23, "best_score": 0.7727647569444445, "best_chk": "../output/exp1/train.0.model_23.chk"}