{"metrics": ["accuracy"], "train.score": {"loss": [0.5315815744562319, 0.3098078102018304, 0.17955373679219808, 0.11970533233745752, 0.09539930061157943, 0.07298615653025563, 0.06774445111988599, 0.06035825917029352, 0.054688981013460085, 0.05115161142410104, 0.04800899414197697, 0.045705939836292925, 0.04304717434192834, 0.04138215623322023, 0.039590281415489204, 0.03860593421650353, 0.03624849980078167, 0.034721992125755816, 0.036284830429511236, 0.032578223775106226, 0.03283455379222742, 0.03164623710258926, 0.0318505192798905, 0.03275210963263262, 0.03150514041328715, 0.030341342510429106, 0.029658681117194424, 0.027485341641967406, 0.02570573832821614, 0.027184546072295653, 0.02869793422130726, 0.02724752408366294, 0.02760283053192994, 0.02522290825264187], "accuracy": [0.7401235818476499, 0.8677826175040518, 0.9299913897893031, 0.954454517828201, 0.9645082050243112, 0.9731943881685575, 0.975232982171799, 0.9783351904376013, 0.9801332050243112, 0.9813740883306321, 0.9829188614262561, 0.9837672204213939, 0.984932131280389, 0.9851094003241491, 0.9860590559157212, 0.9863249594813615, 0.9871733184764991, 0.9876924635332253, 0.9873505875202593, 0.9884521880064829, 0.9888193881685575, 0.9885534846029174, 0.989009319286872, 0.9887434157212318, 0.9889839951377634, 0.9894778160453809, 0.9892752228525121, 0.9900982576985413, 0.9913011547811994, 0.9904527957860616, 0.9903514991896273, 0.9906680510534847, 0.9903514991896273, 0.9912251823338736]}, "val.score": {"loss": [0.39471620225137277, 0.3435640872486176, 0.29464533588578623, 0.32393858889418264, 0.23938086181879042, 0.25893897760298945, 0.2919765271967457, 0.26686587300031417, 0.26454561530582366, 0.2678736153148836, 0.30563171688587437, 0.27103893288200903, 0.24835712948153096, 0.25714958983082925, 0.28505937440260765, 0.2977134129693431, 0.2920517625827943, 0.2847809034009134, 0.3171259792100999, 0.2748966786169237, 0.284170794390863, 0.24618541233001218, 0.2848029442612202, 0.2328746732925215, 0.2733499346240874, 0.30913083788848694, 0.24407527110268992, 0.3051834442923146, 0.2877485343044804, 0.25630912684625196, 0.26198218181248634, 0.25132934070162233, 0.2947354043082845, 0.2930063133698798], "accuracy": [0.8257560483870968, 0.8700100806451613, 0.8967237903225806, 0.9067036290322581, 0.9148689516129033, 0.9131552419354839, 0.9201108870967742, 0.9204133064516129, 0.9200604838709677, 0.9217237903225807, 0.915070564516129, 0.9277721774193548, 0.9277721774193548, 0.9229334677419355, 0.9294354838709677, 0.9198588709677419, 0.9287802419354839, 0.9262600806451613, 0.9247479838709678, 0.9263104838709677, 0.928679435483871, 0.9303931451612903, 0.9307459677419355, 0.9345262096774194, 0.9303931451612903, 0.9242943548387097, 0.934375, 0.9259576612903225, 0.9253024193548387, 0.9295866935483871, 0.9320060483870968, 0.9343245967741935, 0.9295866935483871, 0.9345262096774194]}, "n_epochs": 100, "stopped_epoch": 33, "monitor": "accuracy", "best_epoch": 23, "best_score": 0.9345262096774194, "best_chk": "../output/exp1/train.1.model_23.chk"}