{"metrics": ["accuracy"], "train.score": {"loss": [0.6553641387933418, 0.5790263461538508, 0.5251514939944956, 0.4731401301260236, 0.4153116436651613, 0.3493567512288124, 0.2888947685685339, 0.21785779591779447, 0.18079742240495508, 0.1390896966044284, 0.12073084369561152, 0.11581090355846041, 0.09717911868533001, 0.08113040207830682, 0.06593880767026279, 0.05965894101301055, 0.05546658043860151, 0.050268647389352335, 0.04599635210311883, 0.0430916911543677, 0.041053458422630924, 0.04012752253093604, 0.03868805674647786, 0.036216248259227576, 0.040993955006964414, 0.03432607835253017, 0.03769376110049743, 0.03501275776814716, 0.03617160367544393, 0.03364353691363307, 0.03748984878906344, 0.03846667057987821, 0.043659276613387976, 0.033966536754506484, 0.03840485949298961, 0.028663042621264127, 0.03382074795191801, 0.031061438213823116, 0.030485310989632447, 0.029125860367169975, 0.02730922939238703, 0.03609570664430296, 0.028894189730820044, 0.02623302555407981, 0.032947301672686106, 0.026483633279284834, 0.025635380811545014, 0.021978443673094573, 0.03390022162959581, 0.025743053663305385, 0.022964516946385745, 0.027515625077999, 0.029495153212798258, 0.027887308132713895, 0.02077635345520758, 0.024751765069940798, 0.023598077835565244, 0.02463039136819134, 0.02528532688543985, 0.022531170873328767, 0.02384455972870582, 0.019691548433174715, 0.020105904555172936, 0.02406620227371098, 0.025332801500070085, 0.029031610565629928, 0.026527246219383058, 0.0182181719261464, 0.022783188768986707, 0.023912673244323536], "accuracy": [0.5863966433092224, 0.6633561256781194, 0.7132544077757685, 0.7583069620253164, 0.7991989715189873, 0.8387983160036168, 0.8711926424050633, 0.9087223101265823, 0.9269679588607594, 0.9457575158227848, 0.9550039556962026, 0.9558445411392406, 0.9646459651898734, 0.9709256329113924, 0.9749307753164557, 0.9787381329113924, 0.9808643196202531, 0.9819521360759493, 0.9837816455696202, 0.9850178006329114, 0.9851661392405063, 0.9864517405063291, 0.9862045094936709, 0.9866495253164557, 0.985907832278481, 0.988973496835443, 0.9874901107594937, 0.9877373417721519, 0.9877867879746836, 0.9885284810126582, 0.9870450949367089, 0.9872852622061484, 0.9848200158227848, 0.9884295886075949, 0.9863528481012658, 0.9895668512658228, 0.9881329113924051, 0.9892207278481012, 0.989814082278481, 0.9907041139240507, 0.9914458069620253, 0.9880834651898734, 0.9901107594936709, 0.9921875, 0.9887262658227848, 0.9904568829113924, 0.991495253164557, 0.993028085443038, 0.9884295886075949, 0.9920391613924051, 0.9921875, 0.9904568829113924, 0.9894679588607594, 0.9907041139240507, 0.9935225474683544, 0.9915941455696202, 0.9924347310126582, 0.9916435917721519, 0.9910996835443038, 0.9925830696202531, 0.991495253164557, 0.9936708860759493, 0.9933247626582279, 0.9912480221518988, 0.9920886075949367, 0.989962420886076, 0.9918908227848101, 0.9938192246835443, 0.9923358386075949, 0.9919897151898734]}, "val.score": {"loss": [0.6046535477042199, 0.5663178659975528, 0.5457572557032109, 0.6009560532867908, 0.6816567160189152, 0.7131805412471295, 0.7433456040918827, 0.8409515604376793, 0.8375277332961559, 1.0747010335326195, 0.9689159125089646, 0.8651081033051014, 0.926270267367363, 0.9313095740973949, 0.9602793410420418, 1.08081247061491, 1.0707997396588325, 1.0473860934376718, 1.1249999776482582, 1.1463234573602676, 1.2555241376161574, 0.9399321839213371, 1.1518168702721596, 1.1601169884204865, 1.0386285096406938, 1.0717911511659621, 1.0029448315501213, 1.162565179169178, 1.0705832615494728, 1.2092322617769242, 1.2486540138721467, 1.0833575189113618, 1.086617124080658, 1.0489058539271354, 1.2280113607645036, 1.1910519108176232, 0.9885948181152344, 1.1233360826969148, 1.0807489186525345, 1.0446866899728775, 1.1336773917078973, 1.1513106197118759, 0.9844723761081695, 1.1506808757781983, 1.1637519240379333, 1.2781507149338722, 1.1017215132713318, 1.1424401745200157, 1.13880857527256, 1.0683836951851844, 1.164544202387333, 1.1801893666386605, 1.1719054207205772, 1.0846821650862695, 1.1744579315185546, 1.0224299445748328, 1.196137747168541, 1.2176633805036545, 1.1312990292906762, 1.3323366940021515, 1.0701537668704986, 1.188419370353222, 1.119543868303299, 1.3624909862875938, 1.1296321749687195, 1.0782411217689514, 1.0210424482822418, 1.2483697727322578, 1.0248690888285636, 1.068016780167818], "accuracy": [0.6456380208333334, 0.6746527777777778, 0.7014105902777777, 0.7102864583333334, 0.7073784722222223, 0.7202690972222222, 0.739040798611111, 0.7353298611111111, 0.7392144097222222, 0.7489800347222222, 0.7445963541666666, 0.7611111111111111, 0.746853298611111, 0.767578125, 0.7604383680555555, 0.7614149305555555, 0.7684461805555556, 0.7617404513888889, 0.7626953125, 0.758984375, 0.7606770833333334, 0.7626953125, 0.7685980902777778, 0.759592013888889, 0.7548611111111111, 0.7611111111111111, 0.7639539930555556, 0.7614149305555555, 0.76171875, 0.7669053819444445, 0.7611328125, 0.7615234375, 0.762890625, 0.7647569444444444, 0.7702039930555555, 0.7743272569444445, 0.7715711805555555, 0.7639322916666667, 0.7715928819444444, 0.7738715277777778, 0.773654513888889, 0.7774305555555555, 0.7773654513888889, 0.7747178819444445, 0.770334201388889, 0.7733723958333334, 0.7783420138888889, 0.7794921875, 0.7738498263888889, 0.7694227430555556, 0.7729600694444445, 0.772265625, 0.7671657986111111, 0.770290798611111, 0.7856553819444445, 0.7737630208333334, 0.7689670138888889, 0.7708333333333334, 0.7697265625, 0.778125, 0.77890625, 0.77265625, 0.7668836805555556, 0.7685329861111111, 0.7712022569444444, 0.7787760416666666, 0.775217013888889, 0.771657986111111, 0.7740017361111111, 0.7716796875]}, "n_epochs": 150, "stopped_epoch": 69, "monitor": "accuracy", "best_epoch": 54, "best_score": 0.7856553819444445, "best_chk": "../output/exp1/train.0.model_54.chk"}