{"metrics": ["accuracy"], "train.score": {"loss": [0.5576442594748813, 0.3623989551485359, 0.22499838439965403, 0.15354525128548796, 0.11813554087012716, 0.09247625787899673, 0.0817446706547438, 0.07264550815052172, 0.06775883139359051, 0.0631548185853965, 0.053358252396861504, 0.05366670687882496, 0.050428789794632514, 0.049856602113736284, 0.04514665186613823, 0.04672302877872142, 0.04277791629784269, 0.0436241242500905, 0.039648497802985516, 0.037915718211798455, 0.0379471435089136, 0.03894589841365814, 0.036681229601668607, 0.03774153623826705, 0.037281817692338015, 0.03293280690974955, 0.034493313019024814, 0.030728941640435634, 0.03423745895043475, 0.029862420701470178, 0.030691253501383662, 0.02928510497251598, 0.0305880859672612, 0.03019594835070591, 0.03007073880871758, 0.02819597672076908, 0.028673594697324147, 0.02852109259572001, 0.028093118666574456, 0.027043260544366142, 0.026092539548982756, 0.027589938314571107, 0.02636993727525817, 0.026209177253556183, 0.025592470003364533, 0.02572917875262316, 0.024161076712552094, 0.02543418028228614], "accuracy": [0.7180033613060326, 0.8414728542626728, 0.9090385421030582, 0.9401862628299121, 0.9547320119396734, 0.9654251053885631, 0.9699409398565145, 0.9736810883169251, 0.9752430973764139, 0.9771188992459154, 0.980379153356724, 0.9805693928047758, 0.9817869252723084, 0.982204224706745, 0.9838038725387516, 0.9832965673439464, 0.9846916566296606, 0.984488325434646, 0.9858711412075828, 0.9861501590647256, 0.9870624901811899, 0.9863784464023879, 0.9873034601487223, 0.9868223384478425, 0.9867969731881022, 0.9889280641233766, 0.9880275974025974, 0.989421459337034, 0.988179788961039, 0.9899042175062841, 0.9891183035714286, 0.9899799041684123, 0.9896755210515291, 0.9893457726749058, 0.9897270698051948, 0.9907036323051948, 0.9901705527335568, 0.9899803132855048, 0.9904368879608295, 0.9908300494868035, 0.990919237012987, 0.9908554147465438, 0.9908799617720989, 0.9911205226225388, 0.991312398538961, 0.9915529593894009, 0.991362719941349, 0.9915149114997905]}, "val.score": {"loss": [0.45766633091034825, 0.38907076166821764, 0.4800556906825536, 0.445269735312307, 0.3377110231425855, 0.36793351424978926, 0.34738002132092205, 0.3919629897777136, 0.377850476797525, 0.40533774800888905, 0.5074708153094564, 0.3895446239160253, 0.381265400001755, 0.3698445186018944, 0.37020361113857914, 0.39768662995525766, 0.39396448617244695, 0.4019739714439039, 0.39464667671686643, 0.3841358187136712, 0.31082456181575724, 0.3586152623613159, 0.36310074662233327, 0.29517954950789355, 0.35909521013691825, 0.3058070421412394, 0.28854353977488234, 0.286271720253802, 0.31943689199624126, 0.3597191911819693, 0.26433930691186486, 0.24385485994061093, 0.2889318430385032, 0.3216747152195735, 0.3769839738870596, 0.29650210685931244, 0.28541029297879766, 0.2617909505769804, 0.3143297988292459, 0.28564945255200586, 0.2898878711336232, 0.3430523410826534, 0.33616393107872505, 0.3123820798544141, 0.4164014621214433, 0.40295734643549114, 0.33190637831757597, 0.4380326389105289], "accuracy": [0.7863737824675324, 0.836038961038961, 0.8442573051948052, 0.8607954545454546, 0.8875811688311688, 0.8923498376623377, 0.906047077922078, 0.8950892857142857, 0.8966112012987013, 0.8951907467532467, 0.8960531655844156, 0.8961038961038961, 0.9061992694805194, 0.9006189123376623, 0.9065543831168831, 0.893364448051948, 0.906351461038961, 0.9032061688311688, 0.903612012987013, 0.899705762987013, 0.9200487012987013, 0.9160409902597403, 0.9089387175324676, 0.920403814935065, 0.9096489448051948, 0.9110693993506493, 0.9201501623376623, 0.9251724837662337, 0.9170048701298701, 0.9209618506493507, 0.9286221590909091, 0.9284699675324676, 0.9250710227272727, 0.9212155032467533, 0.9163961038961039, 0.9269987824675324, 0.9274046266233766, 0.9315645292207793, 0.9300933441558441, 0.9295353084415584, 0.9306513798701299, 0.9185775162337663, 0.9236505681818182, 0.9232954545454546, 0.9054890422077922, 0.9055905032467533, 0.9189833603896104, 0.9081270292207793]}, "n_epochs": 100, "stopped_epoch": 47, "monitor": "accuracy", "best_epoch": 37, "best_score": 0.9315645292207793, "best_chk": "../output/exp1/train.1.model_37.chk"}