{"metrics": ["accuracy"], "train.score": {"loss": [0.6496711881466004, 0.5172336423706196, 0.4471047277678547, 0.44572081756166737, 0.5025154365712665, 0.59430632260862, 0.6498057620065525, 0.6782202025093561, 0.6932127495059318, 0.6932003445911253, 0.6931976405496149, 0.6931934792373323], "accuracy": [0.6561233792544571, 0.7411365478119936, 0.7911770664505673, 0.7927471636952999, 0.7533301256077796, 0.6787758306320908, 0.6171495137763371, 0.5586507293354943, 0.49802471636953, 0.4974295988654781, 0.49726499189627227, 0.49715103322528365]}, "val.score": {"loss": [0.5496267241816367, 0.4661005223951032, 0.5109795301191269, 0.5054124778316867, 0.5612252070057777, 0.6399589973111306, 0.6755657115290242, 0.6931792040025034, 0.6931774193240751, 0.6931762226166264, 0.6931812540177376, 0.693175600036498], "accuracy": [0.7142137096774194, 0.7784778225806451, 0.7495463709677419, 0.7567540322580645, 0.7096774193548387, 0.6163306451612903, 0.579133064516129, 0.49682459677419355, 0.49682459677419355, 0.49682459677419355, 0.49682459677419355, 0.49682459677419355]}, "n_epochs": 100, "stopped_epoch": 11, "monitor": "accuracy", "best_epoch": 1, "best_score": 0.7784778225806451, "best_chk": "../output/exp1/train.1.model_1.chk"}