{"score_map": {"accuracy": 0.8471875, "f1": 0.8447711152615144}, "output_labels": [1, 0, 0, 1, 0, 0, 1, 1, 1, 1, 0, 1, 0, 1, 1, 1, 1, 0, 0, 1, 0, 1, 1, 1, 1, 0, 1, 1, 1, 1, 1, 0, 0, 1, 1, 1, 1, 1, 0, 0, 0, 1, 0, 0, 0, 1, 0, 0, 0, 1, 1, 1, 1, 0, 0, 1, 1, 0, 1, 1, 1, 0, 0, 0, 0, 1, 0, 1, 1, 1, 0, 0, 0, 0, 0, 0, 0, 0, 1, 1, 1, 0, 1, 1, 1, 0, 0, 0, 0, 1, 1, 0, 0, 1, 1, 1, 0, 1, 1, 0, 0, 1, 1, 1, 1, 0, 1, 0, 0, 1, 1, 1, 0, 1, 0, 1, 0, 0, 1, 1, 0, 1, 0, 0, 0, 1, 1, 1, 1, 0, 1, 1, 0, 0, 1, 0, 0, 1, 1, 1, 0, 0, 0, 0, 0, 1, 1, 1, 0, 0, 1, 1, 1, 0, 1, 1, 1, 0, 0, 1, 0, 1, 0, 0, 0, 1, 0, 1, 1, 0, 1, 0, 1, 0, 0, 0, 1, 1, 0, 0, 0, 1, 0, 0, 0, 1, 0, 1, 0, 1, 1, 1, 0, 1, 1, 0, 0, 1, 1, 1, 0, 0, 1, 1, 1, 1, 1, 0, 1, 0, 0, 0, 0, 0, 0, 1, 0, 1, 0, 1, 1, 0, 0, 0, 0, 0, 0, 0, 1, 0, 0, 1, 0, 0, 0, 1, 1, 1, 0, 0, 0, 1, 1, 1, 1, 1, 1, 0, 1, 0, 0, 1, 1, 1, 1, 1, 0, 0, 1, 0, 0, 0, 0, 1, 1, 1, 1, 0, 1, 0, 1, 0, 1, 1, 0, 0, 0, 0, 1, 1, 1, 0, 1, 0, 0, 1, 1, 0, 1, 1, 1, 0, 0, 1, 1, 0, 0, 0, 1, 0, 0, 0, 1, 0, 0, 0, 1, 0, 1, 0, 0, 0, 1, 0, 1, 1, 1, 1, 1, 0, 1, 1, 1, 1, 0, 0, 1, 1, 0, 1, 1, 0, 1, 0, 0, 1, 0, 0, 1, 0, 1, 0, 0, 1, 1, 0, 0, 1, 0, 1, 1, 1, 1, 1, 1, 1, 0, 1, 1, 0, 1, 0, 1, 0, 0, 0, 1, 1, 1, 0, 1, 1, 0, 1, 0, 0, 1, 1, 0, 1, 0, 1, 1, 1, 1, 1, 0, 0, 0, 0, 1, 0, 1, 0, 1, 1, 0, 0, 1, 1, 0, 1, 0, 0, 1, 1, 1, 1, 1, 0, 1, 0, 0, 1, 1, 0, 1, 0, 1, 0, 0, 1, 0, 0, 0, 0, 1, 0, 0, 1, 0, 0, 1, 1, 1, 0, 1, 0, 0, 0, 1, 0, 0, 0, 1, 0, 1, 1, 1, 0, 0, 0, 0, 0, 1, 0, 0, 0, 0, 1, 0, 1, 1, 0, 0, 0, 0, 1, 1, 0, 1, 0, 1, 0, 1, 1, 1, 1, 0, 0, 1, 1, 1, 0, 0, 0, 0, 1, 0, 0, 1, 1, 1, 0, 0, 0, 0, 1, 0, 0, 0, 0, 1, 0, 0, 1, 0, 0, 1, 0, 0, 1, 1, 0, 0, 0, 1, 0, 0, 1, 0, 0, 1, 0, 1, 1, 1, 0, 1, 1, 1, 1, 0, 1, 0, 1, 1, 0, 0, 0, 1, 1, 1, 0, 1, 1, 1, 1, 0, 0, 1, 0, 0, 0, 0, 0, 1, 1, 1, 1, 0, 1, 1, 1, 1, 1, 1, 1, 0, 1, 0, 1, 1, 0, 0, 1, 0, 0, 1, 0, 0, 1, 0, 1, 0, 1, 0, 1, 1, 1, 1, 0, 0, 1, 1, 1, 0, 0, 1, 0, 1, 1, 1, 0, 0, 0, 1, 1, 1, 0, 0, 1, 0, 0, 1, 1, 0, 1, 1, 0, 0, 0, 0, 1, 0, 1, 0, 1, 1, 0, 1, 0, 1, 0, 1, 0, 1, 1, 0, 0, 1, 0, 0, 0, 1, 0, 0, 1, 1, 1, 1, 0, 0, 0, 1, 0, 0, 0, 0, 0, 1, 1, 1, 1, 0, 1, 1, 0, 1, 1, 1, 0, 1, 1, 1, 0, 0, 0, 0, 0, 0, 1, 1, 1, 1, 1, 0, 0, 1, 1, 1, 1, 1, 1, 0, 1, 1, 0, 0, 0, 0, 0, 1, 0, 0, 0, 1, 1, 0, 1, 0, 0, 1, 1, 1, 0, 1, 0, 0, 0, 0, 0, 1, 0, 1, 1, 0, 0, 1, 1, 1, 1, 1, 1, 1, 0, 1, 0, 0, 0, 1, 1, 1, 1, 0, 1, 0, 0, 0, 1, 0, 0, 1, 1, 0, 1, 1, 1, 1, 0, 1, 0, 0, 0, 1], "output_probs": [0.6445204019546509, 0.9656978845596313, 0.9902877807617188, 0.7075353264808655, 0.9935987591743469, 0.9990358352661133, 0.9346659779548645, 0.8239888548851013, 0.9964272379875183, 0.9309777021408081, 0.9992825984954834, 0.9116302132606506, 0.7523419260978699, 0.748896062374115, 0.914581835269928, 0.9617288708686829, 0.7450242042541504, 0.9995564222335815, 0.9986995458602905, 0.9639207124710083, 0.9629080891609192, 0.9228680729866028, 0.9820265173912048, 0.9915075302124023, 0.9780551195144653, 0.9684091806411743, 0.9764986634254456, 0.9726576805114746, 0.9892737865447998, 0.9767296314239502, 0.9933436512947083, 0.9995676279067993, 0.9995206594467163, 0.5171619057655334, 0.9508697390556335, 0.9104808568954468, 0.9781938791275024, 0.7602974772453308, 0.8552941679954529, 0.9993550181388855, 0.9994425177574158, 0.6229528188705444, 0.5480265617370605, 0.9921852946281433, 0.9133890867233276, 0.863551139831543, 0.9764980673789978, 0.8624923825263977, 0.9145021438598633, 0.9536686539649963, 0.970159649848938, 0.71555095911026, 0.9912513494491577, 0.9671544432640076, 0.9577701687812805, 0.8969562649726868, 0.9671829342842102, 0.9988798499107361, 0.9871902465820312, 0.8372125029563904, 0.9652827382087708, 0.9969189167022705, 0.922842800617218, 0.9103531241416931, 0.9931719899177551, 0.9467960000038147, 0.665069043636322, 0.5925854444503784, 0.8637171983718872, 0.9747500419616699, 0.9943519234657288, 0.9995966553688049, 0.9941819310188293, 0.972561776638031, 0.520119309425354, 0.9795078039169312, 0.815007746219635, 0.951079249382019, 0.86490797996521, 0.7645953297615051, 0.7861288785934448, 0.6240320205688477, 0.8855820894241333, 0.922795832157135, 0.9931641817092896, 0.5408684015274048, 0.9992201924324036, 0.9988717436790466, 0.9556702971458435, 0.7233738899230957, 0.9148128628730774, 0.997214138507843, 0.9970748424530029, 0.9449862241744995, 0.9789679050445557, 0.6890895366668701, 0.9947649836540222, 0.9436725974082947, 0.9593663811683655, 0.9979590773582458, 0.9847086668014526, 0.996433436870575, 0.9916165471076965, 0.976737916469574, 0.9106659293174744, 0.9438718557357788, 0.9827997088432312, 0.6101511120796204, 0.9965389370918274, 0.9752121567726135, 0.9604664444923401, 0.8853660821914673, 0.984340488910675, 0.8209012746810913, 0.9995909333229065, 0.9622476100921631, 0.5823336243629456, 0.6653347015380859, 0.6108480095863342, 0.9752032160758972, 0.531882643699646, 0.5905137062072754, 0.7724497318267822, 0.9493748545646667, 0.9919283986091614, 0.959291398525238, 0.8979779481887817, 0.9583777785301208, 0.8672465682029724, 0.9974790215492249, 0.979381799697876, 0.9827605485916138, 0.9994751214981079, 0.995290219783783, 0.9898187518119812, 0.7858355641365051, 0.9776843190193176, 0.9811884164810181, 0.8849412798881531, 0.9734269380569458, 0.5913586020469666, 0.6557624340057373, 0.9084052443504333, 0.999428927898407, 0.98451167345047, 0.985362708568573, 0.8393480777740479, 0.9966917037963867, 0.9903474450111389, 0.8595478534698486, 0.6107020378112793, 0.9895698428153992, 0.6679878234863281, 0.9981892108917236, 0.994499146938324, 0.7589411735534668, 0.8719794750213623, 0.9977328181266785, 0.6023780107498169, 0.7929630279541016, 0.9778809547424316, 0.700046718120575, 0.9994887113571167, 0.584771454334259, 0.9963685870170593, 0.8910943865776062, 0.9803532958030701, 0.9951478242874146, 0.996551513671875, 0.998921275138855, 0.8733618259429932, 0.998663604259491, 0.9720950126647949, 0.9991458654403687, 0.9734499454498291, 0.9632565379142761, 0.7366651892662048, 0.9899344444274902, 0.9985290765762329, 0.6893429756164551, 0.9861872792243958, 0.8741631507873535, 0.6823725700378418, 0.9757524132728577, 0.9995158910751343, 0.9925385117530823, 0.9941243529319763, 0.8992452025413513, 0.9967299699783325, 0.9951447248458862, 0.9545681476593018, 0.9731554388999939, 0.9947082996368408, 0.8336079716682434, 0.9102017283439636, 0.9883142113685608, 0.9606838822364807, 0.951019823551178, 0.9687696695327759, 0.9128530025482178, 0.996030867099762, 0.5222522616386414, 0.9194205403327942, 0.9213155508041382, 0.833437979221344, 0.8731101155281067, 0.9558809399604797, 0.6930481791496277, 0.6586399078369141, 0.938534140586853, 0.9924902319908142, 0.8910521864891052, 0.9994713068008423, 0.9995564222335815, 0.9992647767066956, 0.8476943969726562, 0.9994212985038757, 0.9834862351417542, 0.9991006255149841, 0.9044926166534424, 0.9628031849861145, 0.9972864389419556, 0.9965904951095581, 0.6912009716033936, 0.8993708491325378, 0.9974110126495361, 0.685321033000946, 0.7815414667129517, 0.9733739495277405, 0.8353220224380493, 0.8132869601249695, 0.7666157484054565, 0.9759054183959961, 0.5759517550468445, 0.9992830753326416, 0.9627799987792969, 0.8393563628196716, 0.8400780558586121, 0.936981201171875, 0.9965707659721375, 0.9947037696838379, 0.97856205701828, 0.9133493304252625, 0.9847157001495361, 0.9989322423934937, 0.845269501209259, 0.9965436458587646, 0.8009487986564636, 0.9688902497291565, 0.9959964156150818, 0.9987919330596924, 0.899050772190094, 0.9261300563812256, 0.8975757956504822, 0.9759492874145508, 0.9823904037475586, 0.9604873657226562, 0.9949113130569458, 0.9599632024765015, 0.993259847164154, 0.9102247357368469, 0.9549123048782349, 0.9814620614051819, 0.5745408535003662, 0.7697291374206543, 0.9779347777366638, 0.979562520980835, 0.9988297820091248, 0.8327956795692444, 0.9908177852630615, 0.937214195728302, 0.6065599918365479, 0.9592074751853943, 0.9215046763420105, 0.9525954127311707, 0.978963315486908, 0.8344540596008301, 0.9766784310340881, 0.9463638067245483, 0.7994727492332458, 0.9673953056335449, 0.6951752305030823, 