{"metrics": ["accuracy"], "train.score": {"loss": [1.8519192513297587, 1.07657671325347, 0.8195681133691002, 0.5381659584886888, 0.48056163244387684, 0.4356713312513688, 0.3878977956140743, 0.34369321167469025, 0.3046976595240481, 0.295287050306797, 0.28551848451880846, 0.25024119808393364, 0.22303332826670477, 0.21573729068040848, 0.20480534543885903, 0.1796489579274374, 0.17387131492004676, 0.17106763908968253, 0.14322412518017433], "accuracy": [0.6499613003095975, 0.7425503095975232, 0.7608359133126935, 0.821594427244582, 0.8423955108359132, 0.8271091331269349, 0.8552631578947368, 0.8596168730650156, 0.8939628482972136, 0.877999226006192, 0.8871904024767803, 0.9068304953560372, 0.9270510835913313, 0.9264705882352942, 0.9356617647058824, 0.9411764705882353, 0.9411764705882353, 0.9393382352941176, 0.9522058823529411]}, "val.score": {"loss": [1.2547080993652344, 0.9929376006126404, 0.8032344520092011, 0.6831639528274536, 0.6057236671447754, 0.5563918590545655, 0.511085695028305, 0.4833683162927628, 0.46745097637176514, 0.4585995525121689, 0.4522505819797516, 0.4485665798187256, 0.4454736441373825, 0.44140421152114867, 0.441572967171669, 0.4437248259782791, 0.44617422223091124, 0.4452216148376465, 0.4469476729631424], "accuracy": [0.79125, 0.79125, 0.8099999999999999, 0.8225, 0.8225, 0.835, 0.835, 0.8474999999999999, 0.85375, 0.81375, 0.81375, 0.81375, 0.81375, 0.82, 0.82, 0.82, 0.82, 0.82, 0.82]}, "n_epochs": 100, "stopped_epoch": 18, "monitor": "accuracy", "best_epoch": 8, "best_score": 0.85375, "best_chk": "../output/exp3/train.1.model_8.chk"}