{"metrics": ["accuracy"], "train.score": {"loss": [0.6788462951213499, 0.5953387267227415, 0.5350933621955823, 0.4844448059042798, 0.42525801288930676, 0.35210398990142194, 0.2928159392521351, 0.23826409244461905, 0.18870174686742736, 0.16867740777663037, 0.13266735891752604, 0.11085864557306978, 0.09703913817913094, 0.08658162619965741, 0.0810492274799396, 0.07667650144452913, 0.06249467473288503, 0.05638577865696029, 0.055037025262047595, 0.051806851234169136, 0.04605242263384258, 0.0431718772330286, 0.04453037576632032, 0.037923327694305134, 0.03707457235365917, 0.03791616050396822, 0.04272765024341171, 0.04507795313396786, 0.040870481497855694, 0.04002487847781917, 0.03452027032941674, 0.03597520582106766, 0.039204055838334036, 0.03273124747638461, 0.032387913225360124, 0.03263949655597629, 0.03208829503789355, 0.034815245461237584, 0.027908108267885975, 0.03250471062522051, 0.030639544777760777, 0.030835841864913324, 0.028310576014668694, 0.029923511252007623, 0.03263528698678069, 0.028755150866529702], "accuracy": [0.5503709517236736, 0.6589495522488553, 0.7073658009022354, 0.7494434672098034, 0.7900030298949636, 0.8365813526797737, 0.8703215476030165, 0.897305497576084, 0.9236782083221114, 0.9327805177753838, 0.9475828171290062, 0.9574089348235928, 0.96302791711554, 0.9680040987745758, 0.9700850474683544, 0.97174833355777, 0.9779427854834365, 0.9797901797737679, 0.9799564031780232, 0.981866920280097, 0.9841414455965527, 0.9846716772151899, 0.9841098841906815, 0.9865011867088608, 0.9870945411392406, 0.9868788715324536, 0.9847526848235928, 0.9846043462159979, 0.985907832278481, 0.986600079113924, 0.9879845727848101, 0.9883128114058713, 0.9867799791273903, 0.9894995202666308, 0.9887578272286561, 0.9887757120253164, 0.9889240506329114, 0.9879666879881498, 0.9906052215189873, 0.9893511816590359, 0.9890723892405063, 0.989746751279289, 0.990587336722327, 0.9907535601265823, 0.9894500740640991, 0.9901738823054135]}, "val.score": {"loss": [0.6559394031763077, 0.566432635486126, 0.5989935651421547, 0.5248954400420189, 0.5424397766590119, 0.6099006630480289, 0.635274114459753, 0.6848489508032799, 0.6672728508710861, 0.8208566851913929, 0.8071683019399643, 0.8951484099030494, 0.926513597369194, 1.020029817521572, 0.8445753186941147, 1.0474628001451491, 1.2923298746347427, 1.2278279796242715, 1.080034302175045, 1.2027783930301665, 1.2720904305577279, 1.2157799452543259, 1.1638008221983909, 1.4392063617706299, 1.1522436946630479, 1.1990327537059784, 0.9553668901324273, 1.0508015781641007, 1.0003565654158593, 1.0598247796297073, 1.0919699177145958, 1.1042288467288017, 0.8938335850834846, 0.9820885911583901, 0.9568550333380699, 1.1921037912368775, 1.2653191104531287, 1.1046686097979546, 1.1433520093560219, 0.962365648150444, 1.0712745487689972, 0.95383220911026, 1.1437904700636863, 1.166096928715706, 1.0546331956982613, 0.9110096246004105], "accuracy": [0.5803013392857143, 0.6857421875, 0.7104352678571428, 0.7255301339285715, 0.715234375, 0.7202008928571428, 0.7388671875, 0.7490234375, 0.7452566964285714, 0.7462890625, 0.7417410714285715, 0.7556082589285714, 0.7662946428571429, 0.7577008928571429, 0.7690011160714285, 0.7611607142857142, 0.7526785714285714, 0.7522321428571429, 0.7489955357142858, 0.7544363839285715, 0.7618861607142857, 0.7650948660714285, 0.76640625, 0.7573660714285715, 0.7712890625, 0.7674944196428571, 0.7651227678571428, 0.7708705357142858, 0.7737723214285714, 0.7796595982142858, 0.7794921875, 0.775390625, 0.775, 0.7800223214285714, 0.7764508928571429, 0.7869419642857143, 0.7720982142857142, 0.7728794642857142, 0.7767299107142858, 0.779296875, 0.778515625, 0.7838448660714286, 0.7786551339285714, 0.7810825892857143, 0.782421875, 0.7763392857142858]}, "n_epochs": 100, "stopped_epoch": 45, "monitor": "accuracy", "best_epoch": 35, "best_score": 0.7869419642857143, "best_chk": "../output/exp3/train.0.model_35.chk"}