{"score_map": {"accuracy": 0.96859375, "f1": 0.9684247232627423}, "output_labels": [1, 0, 0, 1, 0, 0, 1, 1, 0, 1, 1, 1, 0, 0, 0, 0, 1, 1, 1, 1, 0, 1, 0, 0, 1, 0, 0, 0, 1, 0, 0, 0, 1, 0, 1, 0, 0, 0, 0, 1, 0, 0, 0, 1, 1, 1, 1, 1, 0, 0, 1, 1, 0, 1, 0, 0, 1, 0, 0, 1, 0, 1, 0, 1, 0, 1, 1, 1, 0, 1, 1, 0, 0, 1, 1, 1, 1, 0, 0, 1, 0, 1, 1, 0, 1, 1, 0, 1, 0, 1, 0, 1, 0, 0, 0, 1, 0, 0, 0, 0, 0, 1, 1, 0, 1, 1, 0, 0, 0, 0, 0, 1, 0, 1, 1, 1, 0, 0, 1, 1, 1, 0, 1, 1, 0, 1, 1, 0, 1, 1, 0, 0, 0, 1, 1, 0, 1, 0, 1, 0, 0, 0, 1, 0, 0, 0, 1, 0, 0, 0, 1, 1, 1, 1, 0, 1, 1, 0, 0, 0, 0, 1, 1, 0, 1, 0, 1, 1, 1, 0, 0, 1, 1, 1, 1, 1, 0, 0, 0, 1, 0, 0, 0, 0, 0, 1, 0, 1, 1, 0, 0, 0, 1, 1, 1, 0, 1, 0, 1, 1, 0, 0, 1, 1, 0, 0, 1, 1, 1, 1, 0, 1, 1, 0, 1, 1, 1, 1, 1, 0, 0, 0, 1, 1, 1, 0, 0, 0, 1, 1, 0, 0, 1, 1, 0, 1, 1, 0, 1, 0, 0, 0, 1, 0, 1, 1, 1, 1, 1, 0, 1, 1, 0, 1, 1, 0, 1, 0, 0, 1, 0, 1, 1, 0, 0, 0, 1, 1, 0, 1, 0, 0, 0, 0, 1, 1, 1, 0, 1, 1, 0, 0, 1, 0, 1, 0, 1, 0, 0, 1, 0, 0, 0, 1, 0, 1, 1, 0, 1, 0, 1, 0, 1, 1, 0, 1, 0, 0, 0, 1, 1, 0, 0, 0, 0, 1, 0, 0, 0, 1, 1, 1, 1, 1, 1, 0, 1, 0, 0, 0, 0, 0, 0, 1, 1, 0, 1, 1, 1, 1, 1, 1, 0, 0, 1, 0, 1, 0, 0, 0, 1, 1, 1, 0, 1, 1, 1, 0, 0, 1, 1, 1, 1, 1, 1, 1, 1, 0, 1, 1, 0, 0, 1, 1, 0, 1, 0, 1, 1, 0, 1, 1, 0, 0, 0, 1, 1, 1, 1, 1, 0, 1, 0, 1, 0, 1, 0, 0, 1, 0, 1, 1, 0, 1, 0, 1, 0, 0, 1, 1, 1, 1, 1, 1, 0, 1, 0, 0, 1, 1, 0, 0, 0, 1, 0, 1, 0, 1, 0, 0, 1, 0, 1, 0, 0, 0, 1, 0, 0, 1, 0, 0, 0, 1, 1, 0, 1, 0, 0, 1, 1, 1, 1, 1, 0, 1, 0, 0, 0, 1, 1, 1, 0, 0, 1, 0, 0, 1, 1, 1, 1, 0, 1, 1, 0, 1, 1, 1, 0, 1, 1, 1, 0, 0, 1, 0, 1, 0, 0, 1, 1, 1, 1, 0, 0, 1, 1, 1, 1, 0, 0, 0, 0, 0, 1, 1, 1, 0, 1, 1, 0, 1, 0, 1, 1, 0, 1, 0, 1, 0, 0, 1, 0, 1, 0, 0, 0, 1, 0, 1, 0, 0, 1, 0, 0, 0, 1, 1, 1, 0, 1, 1, 0, 0, 0, 1, 1, 0, 0, 0, 0, 0, 0, 1, 0, 0, 1, 1, 0, 1, 1, 1, 0, 0, 1, 1, 1, 0, 1, 0, 1, 1, 0, 1, 0, 1, 0, 1, 1, 1, 0, 1, 0, 0, 1, 0, 0, 0, 0, 0, 1, 0, 1, 0, 0, 1, 1, 1, 1, 1, 1, 0, 1, 0, 0, 0, 0, 0, 0, 0, 0, 0, 0, 0, 1, 0, 1, 0, 0, 1, 0, 0, 0, 0, 1, 1, 0, 0, 0, 1, 0, 0, 0, 0, 1, 0, 1, 0, 1, 0, 0, 1, 0, 1, 0, 1, 1, 0, 1, 1, 0, 1, 1, 0, 1, 1, 0, 0, 1, 0, 0, 1, 1, 1, 1, 0, 1, 1, 1, 1, 1, 1, 0, 0, 0, 0, 1, 0, 1, 1, 0, 0, 0, 0, 1, 1, 1, 0, 0, 1, 1, 1, 0, 1, 1, 1, 1, 0, 0, 1, 1, 1, 0, 1, 1, 0, 0, 0, 1, 1, 0, 1, 1, 1, 1, 1, 1, 0, 1, 1, 0, 0, 0, 0, 0, 1, 1, 0, 1, 0, 0, 0, 0, 1, 0, 0, 0, 0, 1, 1, 1, 0, 1, 1, 0, 0, 1, 0, 0, 0, 1, 0, 0, 0, 0, 1, 0, 0, 1, 0, 1, 1, 0, 1, 0], "output_probs": [0.9999675750732422, 0.9999480247497559, 0.9621857404708862, 0.9999580383300781, 0.9998874664306641, 0.9992366433143616, 0.9953751564025879, 0.9999613761901855, 0.9999027252197266, 0.9953836798667908, 0.9999651908874512, 0.999967098236084, 0.9749087691307068, 0.9999361038208008, 0.9963818788528442, 0.9963845014572144, 0.9999566078186035, 0.9997385144233704, 0.9999666213989258, 0.9999666213989258, 0.6924291849136353, 0.9999094009399414, 0.999943733215332, 0.99993896484375, 0.9977499842643738, 0.9735716581344604, 0.9983460307121277, 0.9974773526191711, 0.9999666213989258, 0.9999384880065918, 0.9999494552612305, 0.670029878616333, 0.9991651773452759, 0.9999184608459473, 0.9999666213989258, 0.9997325539588928, 0.9995647668838501, 0.9999151229858398, 0.9940911531448364, 0.9999651908874512, 0.9999480247497559, 0.996026337146759, 0.9978148937225342, 0.999962568283081, 0.9992459416389465, 0.9999666213989258, 0.999363362789154, 0.9999651908874512, 0.9998283386230469, 0.9987828731536865, 0.999962329864502, 0.999967098236084, 0.9084120392799377, 0.9999680519104004, 0.999875545501709, 0.9999337196350098, 0.9913104176521301, 0.9895264506340027, 0.999875545501709, 0.9999680519104004, 0.9999518394470215, 0.9999606609344482, 0.999662458896637, 0.9999661445617676, 0.9935206174850464, 0.9999675750732422, 0.9999616146087646, 0.9999608993530273, 0.999824047088623, 0.9999651908874512, 0.9999651908874512, 0.9998044967651367, 0.9896790981292725, 0.9999685287475586, 0.9999620914459229, 0.9118148684501648, 0.9990098476409912, 0.9926010370254517, 0.9998779296875, 0.9986838698387146, 0.9934346079826355, 0.9999675750732422, 0.9999644756317139, 0.9986540675163269, 0.9999628067016602, 0.9983348250389099, 0.9998636245727539, 0.9996774792671204, 0.9996185898780823, 0.999793529510498, 0.9997316002845764, 0.9999094009399414, 0.9997034668922424, 0.996039628982544, 0.9948849678039551, 0.9999618530273438, 0.9995523691177368, 0.9993812441825867, 0.9999170303344727, 0.9999270439147949, 0.9947115778923035, 0.9998931884765625, 0.9999616146087646, 0.989871621131897, 0.999967098236084, 0.9999651908874512, 0.9999284744262695, 0.9969326853752136, 0.9882622361183167, 0.9999337196350098, 0.9964633584022522, 0.999967098236084, 0.9920223355293274, 0.9999046325683594, 0.9999666213989258, 0.9999656677246094, 0.9999442100524902, 0.9999418258666992, 0.9999451637268066, 0.9988762736320496, 0.9999685287475586, 0.9999208450317383, 0.9999637603759766, 0.9998342990875244, 0.9998159408569336, 0.9999618530273438, 0.9990891814231873, 0.9985333681106567, 0.9999680519104004, 0.9989169836044312, 0.9999465942382812, 0.9999485015869141, 0.993627667427063, 0.999964714050293, 0.9999580383300781, 0.9998860359191895, 0.9999613761901855, 0.8389322757720947, 0.9999651908874512, 0.999936580657959, 0.9998459815979004, 0.9996247887611389, 0.9999070167541504, 0.9998879432678223, 0.9999494552612305, 0.999934196472168, 0.9039175510406494, 0.999934196472168, 0.9382869005203247, 0.9669243693351746, 0.9925366640090942, 0.9999661445617676, 0.9999661445617676, 0.9999675750732422, 0.9999356269836426, 0.9999527931213379, 0.9999618530273438, 0.9998221397399902, 0.9998154640197754, 0.9998993873596191, 0.9984681606292725, 0.999967098236084, 0.9997344613075256, 0.9982655644416809, 0.999967098236084, 0.9982665181159973, 0.5495297312736511, 0.9999680519104004, 0.988682210445404, 0.997816801071167, 0.9998936653137207, 0.997054398059845, 0.9999656677246094, 0.9999680519104004, 0.8912895321846008, 0.9999649524688721, 0.9999504089355469, 0.9992861747741699, 0.9999470710754395, 0.9999618530273438, 0.9973682165145874, 0.9999508857727051, 0.9998841285705566, 0.9985224008560181, 0.9338746666908264, 0.9999346733093262, 0.9999380111694336, 0.9999551773071289, 0.9999675750732422, 0.9922702312469482, 0.9938638806343079, 0.8799793720245361, 0.9999651908874512, 0.9999690055847168, 0.999840259552002, 0.9999470710754395, 0.5613827705383301, 0.9957670569419861, 0.9999666213989258, 0.9999635219573975, 0.9403976202011108, 0.9975865483283997, 0.9988765120506287, 0.9999594688415527, 0.9973960518836975, 0.9914929270744324, 0.9999656677246094, 0.9993147850036621, 0.999962329864502, 0.999967098236084, 0.9999432563781738, 0.9999632835388184, 0.9992106556892395, 0.9999470710754395, 0.9999632835388184, 0.9999651908874512, 0.9999141693115234, 0.9992349743843079, 0.9979157447814941, 0.999936580657959, 0.9999442100524902, 0.9999456405639648, 0.9999556541442871, 0.9999680519104004, 0.9995980858802795, 0.9999456405639648, 0.9997615814208984, 0.9999456405639648, 0.9999635219573975, 0.9999418258666992, 0.999901294708252, 0.9999098777770996, 0.9999666213989258, 0.9999654293060303, 0.9973587393760681, 0.9999537467956543, 0.9999675750732422, 0.9997172951698303, 0.9965835809707642, 0.9999375343322754, 0.9997777938842773, 0.9999475479125977, 0.9999690055847168, 0.9999141693115234, 0.9970422983169556, 0.999967098236084, 0.9999690055847168, 0.9999606609344482, 0.999962329864502, 0.9997601509094238, 0.9982991218566895, 0.999964714050293, 0.9999198913574219, 0.9999632835388184, 0.9995743036270142, 0.9887797832489014, 0.9999656677246094, 0.9809781312942505, 0.9999408721923828, 0.9999685287475586, 0.9955448508262634, 0.9645587801933289, 0.9999628067016602, 0.9997878074645996, 0.9999351501464844, 0.9999065399169922, 0.9999432563781738, 0.9999656677246094, 0.999931812286377, 0.8774165511131287, 0.9979859590530396, 0.9999203681945801, 0.7276703119277954, 0.999842643737793, 0.9995378255844116, 0.999962329864502, 0.9999680519104004, 0.997651219367981, 0.8539853692054749, 0.9999690055847168, 0.9998183250427246, 0.9999275207519531, 