{"score_map": {"accuracy": 0.33051948051948055, "f1": 0.44566136680230634}, "output_labels": [1, 1, 1, 1, 1, 1, 1, 1, 1, 0, 0, 1, 0, 1, 0, 1, 1, 0, 1, 1, 1, 1, 0, 1, 1, 1, 1, 1, 1, 1, 1, 1, 1, 1, 1, 1, 1, 1, 1, 1, 1, 1, 1, 1, 1, 1, 1, 1, 1, 1, 1, 1, 1, 1, 1, 0, 1, 1, 1, 1, 1, 1, 1, 1, 1, 1, 1, 1, 1, 1, 1, 1, 1, 1, 1, 1, 1, 1, 1, 1, 1, 1, 1, 0, 1, 1, 1, 1, 1, 1, 0, 1, 1, 1, 0, 0, 1, 1, 0, 1, 1, 1, 1, 1, 1, 1, 1, 1, 1, 1, 1, 1, 1, 1, 1, 1, 1, 1, 1, 1, 1, 1, 1, 1, 1, 1, 0, 0, 1, 1, 1, 1, 1, 1, 1, 1, 1, 1, 1, 1, 1, 1, 1, 1, 1, 1, 1, 1, 1, 1, 1, 1, 1, 1, 1, 1, 1, 1, 1, 1, 1, 1, 1, 1, 1, 0, 1, 1, 1, 1, 1, 1, 1, 1, 1, 1, 0, 1, 1, 1, 1, 1, 1, 1, 1, 1, 1, 1, 1, 1, 1, 1, 0, 1, 1, 1, 1, 0, 1, 1, 1, 1, 1, 1, 0, 1, 1, 1, 1, 1, 1, 1, 1, 1, 1, 1, 1, 1, 1, 1, 1, 1, 1, 1, 1, 1, 1, 1, 1, 1, 1, 1, 1, 1, 1, 0, 1, 1, 1, 1, 1, 1, 1, 1, 1, 1, 1, 1, 1, 1, 1, 1, 1, 1, 1, 1, 1, 1, 1, 1, 1, 1, 1, 1, 1, 1, 1, 0, 1, 0, 1, 1, 1, 1, 1, 1, 1, 1, 1, 1, 1, 1, 1, 1, 1, 1, 1, 1, 1, 1, 1, 1, 1, 1, 1, 1, 1, 1, 1, 1, 1, 0, 1, 1, 1, 1, 1, 1, 1, 1, 1, 1, 1, 1, 1, 1, 0, 1, 1, 1, 1, 1, 1, 0, 1, 1, 1, 1, 1, 1, 1, 1, 1, 0, 1, 1, 1, 1, 1, 1, 1, 1, 1, 1, 1, 1, 1, 1, 1, 1, 1, 1, 1, 1, 1, 1, 1, 1, 1, 0, 1, 0, 1, 1, 1, 1, 1, 1, 1, 1, 1, 1, 1, 1, 0, 1, 1, 1, 1, 1, 1, 0, 1, 1, 0, 1, 1, 1, 1, 1, 1, 1, 1, 1, 1, 0, 1, 1, 1, 1, 1, 1, 1, 1, 1, 1, 1, 1, 1, 1, 1, 1, 1, 0, 1, 1, 1, 0, 1, 1, 1, 1, 1, 1, 1, 1, 1, 1, 1, 1, 0, 1, 1, 1, 1, 1, 1, 1, 1, 1, 0, 1, 1, 0, 1, 1, 1, 1, 1, 1, 1, 1, 1, 1, 1, 1, 0, 1, 1, 1, 1, 0, 1, 1, 1, 1, 1, 1, 1, 1, 1, 1, 0, 1, 1, 1, 1, 1, 1, 1, 1, 1, 1, 1, 1, 1, 1, 1, 1, 1, 1, 1, 1, 1, 1, 1, 1, 1, 1, 1, 1, 1, 1, 1, 1, 1, 0, 1, 1, 1, 1, 1, 1, 1, 1, 1, 1, 1, 1, 1, 1, 1, 1, 1, 1, 1, 1, 1, 0, 1, 1, 1, 1, 1, 1, 1, 1, 1, 1, 1, 1, 1, 1, 1, 1, 1, 0, 1, 1, 1, 1, 1, 1, 1, 1, 1, 1, 1, 1, 1, 1, 1, 1, 1, 1, 1, 1, 1, 1, 1, 1, 1, 1, 1, 0, 1, 1, 1, 1, 1, 0, 1, 1, 1, 1, 1, 1, 1, 1], "output_probs": [0.999967098236084, 0.9999675750732422, 0.9395105242729187, 0.999962329864502, 0.9987833499908447, 0.9999666213989258, 0.9998006820678711, 0.9999561309814453, 0.9993269443511963, 0.9626186490058899, 0.9085058569908142, 0.999962329864502, 0.9937887787818909, 0.9993360042572021, 0.9203699827194214, 0.9996767640113831, 0.6374969482421875, 0.6834195852279663, 0.999962329864502, 0.5704230666160583, 0.9999656677246094, 0.8930423259735107, 0.6782605648040771, 0.9999279975891113, 0.9987567067146301, 0.9997656345367432, 0.9999637603759766, 0.9999310970306396, 0.9999427795410156, 0.9999470710754395, 0.9999470710754395, 0.9870502352714539, 0.9992077946662903, 0.9999637603759766, 0.9999661445617676, 0.9999637603759766, 0.9475885033607483, 0.9999566078186035, 0.6936513781547546, 0.999967098236084, 0.9999666213989258, 0.9518778324127197, 0.8219221830368042, 0.6201664805412292, 0.999936580657959, 0.9999616146087646, 0.9999651908874512, 0.944655179977417, 0.9369370341300964, 0.9999246597290039, 0.999964714050293, 0.9999685287475586, 0.9999599456787109, 0.999967098236084, 0.9999642372131348, 0.8348862528800964, 0.9931558966636658, 0.9874944090843201, 0.9999494552612305, 0.999967098236084, 0.9999587535858154, 0.9999589920043945, 0.9999232292175293, 0.705060601234436, 0.9999675750732422, 0.999967098236084, 0.9999680519104004, 0.9977899193763733, 0.9999532699584961, 0.9997842311859131, 0.9999666213989258, 0.9999651908874512, 0.8599926233291626, 0.9999666213989258, 0.9999651908874512, 0.999962329864502, 0.9999644756317139, 0.9685580134391785, 0.9998481273651123, 0.997520923614502, 0.9983134269714355, 0.9998025894165039, 0.9991835355758667, 0.9754070043563843, 0.9999656677246094, 0.9983486533164978, 0.9999651908874512, 0.9998788833618164, 0.9984069466590881, 0.9999613761901855, 0.9972540736198425, 0.9999656677246094, 0.9852638244628906, 0.9909687042236328, 0.6327679753303528, 0.6726085543632507, 0.9999642372131348, 0.9992928504943848, 0.9265444874763489, 0.9999589920043945, 0.999964714050293, 0.999475359916687, 0.9309488534927368, 0.9972272515296936, 0.9999649524688721, 0.9999680519104004, 0.9993016719818115, 0.9999656677246094, 0.7859326601028442, 0.9999632835388184, 0.9999651908874512, 0.996835470199585, 0.9423987865447998, 0.999181866645813, 0.999964714050293, 0.9989269971847534, 0.9999680519104004, 0.9999384880065918, 0.9962403178215027, 0.999906063079834, 0.9999513626098633, 0.9972479343414307, 0.999967098236084, 0.9885919094085693, 0.9999666213989258, 0.999962329864502, 0.7990345358848572, 0.5723846554756165, 0.9999661445617676, 0.9999635219573975, 0.999967098236084, 0.999011754989624, 0.9999604225158691, 0.996309220790863, 0.9968844652175903, 0.9999570846557617, 0.9997547268867493, 0.9999649524688721, 0.9959287047386169, 0.9998440742492676, 0.9999604225158691, 0.9999620914459229, 0.9981825351715088, 0.9999301433563232, 0.9984405040740967, 0.9999651908874512, 0.9999637603759766, 0.9999620914459229, 0.9999635219573975, 0.5494878888130188, 0.999962329864502, 0.999941349029541, 0.9780073165893555, 0.9999628067016602, 0.9999570846557617, 0.9999620914459229, 0.9999656677246094, 0.999964714050293, 0.9998581409454346, 0.7854288220405579, 0.9999628067016602, 0.9996984601020813, 0.999300479888916, 0.9997275471687317, 0.9996848702430725, 0.9964807033538818, 0.9765012264251709, 0.9543682336807251, 0.8925415873527527, 0.9970173239707947, 0.9999656677246094, 0.999962568283081, 0.9999604225158691, 0.9999604225158691, 0.999967098236084, 0.9457983374595642, 0.5017157196998596, 0.9999547004699707, 0.9946895241737366, 0.9999592304229736, 0.9999637603759766, 0.998314380645752, 0.999967098236084, 0.9997575283050537, 0.9999632835388184, 0.9999675750732422, 0.9999680519104004, 0.9216155409812927, 0.9998831748962402, 0.9999394416809082, 0.9999642372131348, 0.9822667837142944, 0.9685349464416504, 0.9993271827697754, 0.9999628067016602, 0.9999661445617676, 0.999964714050293, 0.667036771774292, 0.9338969588279724, 0.9998772144317627, 0.9999685287475586, 0.999906063079834, 0.9999618530273438, 0.999964714050293, 0.9420316815376282, 0.994996964931488, 0.9999611377716064, 0.9996960759162903, 0.989119291305542, 0.9999632835388184, 0.9999599456787109, 0.999962329864502, 0.9992868900299072, 0.999967098236084, 0.8813554644584656, 0.9999654293060303, 0.9998648166656494, 0.9999151229858398, 0.9999675750732422, 0.9999659061431885, 0.999962329864502, 0.9999599456787109, 0.9999628067016602, 0.9989991188049316, 0.9434855580329895, 0.9525855183601379, 0.9914276599884033, 0.9999279975891113, 0.9996986985206604, 0.9999651908874512, 0.9994741678237915, 0.9999599456787109, 0.9998860359191895, 0.999967098236084, 0.9999656677246094, 0.9914286136627197, 0.999903678894043, 0.9999628067016602, 0.8832312822341919, 0.9996815323829651, 0.9997780323028564, 0.999962329864502, 0.9999542236328125, 0.9999666213989258, 0.9999666213989258, 0.9978817701339722, 0.9996631741523743, 0.9999675750732422, 0.9972091317176819, 0.9987157583236694, 0.9999637603759766, 0.9999465942382812, 0.9999675750732422, 0.9999632835388184, 0.9999628067016602, 0.9797559380531311, 0.9994834661483765, 0.999716579914093, 0.9996016621589661, 0.9999592304229736, 0.9993343353271484, 0.9926391243934631, 0.9999656677246094, 0.9999475479125977, 0.9998359680175781, 0.9999642372131348, 0.9999504089355469, 0.9888832569122314, 0.9999680519104004, 0.8398992419242859, 0.9999628067016602, 0.9999046325683594, 0.9995806813240051, 0.999964714050293, 0.7740870118141174, 0.9999675750732422, 0.9948427677154541, 0.998805046081543, 0.9999637603759766, 0.9995852112770081, 0.9998409748077393, 0.9994191527366638, 0.9999549388885498, 0.9999451637268066, 0.9858089685440063, 0.8115459680557251, 0.9999547004699707, 0.9999666213989258, 0.9999656677246094, 0.9890471696853638, 0.9999527931213379, 0.9970486760139465, 0.9999661445617676, 0.9999637603759766, 0.9999675750732422, 0.9999532699584961, 0.9913473129272461, 0.9999294281005859, 0.9999492168426514, 0.999967098236084, 0.9989774823188782, 0.5651315450668335, 0.9999332427978516, 0.9999685287475586, 0.9999651908874512, 0.9999597072601318, 0.9998824596405029, 0.9999608993530273, 