{"score_map": {"accuracy": 0.9388392857142858, "f1": 0.9378093253788975}, "output_labels": [0, 1, 0, 1, 1, 1, 0, 0, 0, 1, 0, 1, 1, 1, 1, 1, 1, 0, 1, 1, 1, 0, 0, 1, 0, 0, 0, 1, 1, 0, 0, 1, 0, 0, 0, 1, 0, 0, 0, 1, 0, 0, 1, 1, 0, 0, 1, 1, 1, 1, 1, 0, 0, 0, 1, 0, 0, 1, 1, 1, 1, 0, 0, 0, 1, 1, 1, 0, 0, 0, 0, 1, 1, 0, 0, 1, 1, 1, 1, 0, 1, 1, 0, 0, 0, 1, 1, 1, 0, 1, 1, 0, 0, 1, 0, 1, 1, 1, 0, 0, 1, 1, 1, 0, 0, 0, 0, 1, 1, 0, 0, 1, 1, 1, 1, 0, 1, 0, 0, 0, 1, 0, 0, 0, 1, 1, 1, 1, 1, 0, 0, 1, 1, 0, 1, 1, 1, 1, 1, 1, 0, 0, 1, 0, 1, 1, 1, 1, 1, 0, 0, 0, 1, 0, 1, 1, 1, 1, 1, 0, 1, 1, 1, 1, 1, 1, 0, 1, 0, 0, 1, 1, 0, 1, 0, 0, 0, 0, 1, 1, 0, 0, 0, 1, 0, 1, 0, 0, 0, 0, 0, 0, 1, 1, 0, 1, 1, 1, 1, 0, 1, 1, 0, 0, 0, 0, 0, 1, 1, 0, 1, 1, 1, 0, 1, 1, 1, 1, 1, 0, 1, 1, 0, 1, 0, 0, 1, 1, 1, 1, 0, 1, 1, 0, 1, 0, 1, 1, 0, 0, 0, 1, 0, 0, 1, 0, 1, 1, 1, 0, 1, 0, 1, 1, 1, 0, 0, 0, 0, 1, 1, 1, 1, 0, 1, 0, 1, 1, 1, 0, 0, 0, 0, 0, 1, 0, 1, 1, 0, 1, 0, 0, 1, 1, 0, 0, 1, 1, 1, 1, 1, 0, 1, 1, 1, 0, 1, 0, 0, 0, 0, 0, 0, 1, 1, 0, 0, 1, 1, 1, 0, 1, 1, 1, 0, 0, 0, 0, 0, 0, 1, 1, 1, 0, 0, 0, 1, 1, 0, 1, 1, 0, 1, 0, 1, 1, 1, 0, 0, 0, 1, 0, 0, 0, 0, 1, 0, 0, 0, 1, 0, 0, 1, 1, 0, 1, 0, 1, 0, 1, 0, 1, 1, 0, 1, 0, 0, 1, 1, 1, 0, 0, 1, 0, 1, 1, 0, 0, 0, 0, 1, 1, 1, 0, 1, 0, 1, 0, 0, 1, 0, 1, 0, 0, 1, 1, 0, 0, 1, 1, 0, 1, 0, 0, 0, 0, 0, 1, 0, 0, 1, 0, 0, 1, 0, 1, 0, 0, 0, 1, 1, 0, 0, 1, 1, 0, 1, 0, 0, 0, 1, 1, 0, 0, 0, 1, 0, 1, 1, 1, 0, 0, 1, 0, 0, 0, 0, 1, 0, 0, 1, 0, 1, 0, 0, 0, 0, 1, 1, 0, 1, 1, 0, 1, 1, 0, 0, 0, 0, 1, 0, 0, 0, 1, 1, 1, 1, 1, 0, 0, 0, 0, 1, 0, 1, 1, 1, 0, 0, 1, 1, 0, 1, 1, 1, 0, 0, 1, 0, 1, 0, 1, 0, 0, 0, 1, 0, 0, 0, 1, 0, 0, 1, 1, 0, 1, 1, 1, 0, 0, 0, 0, 0, 1, 1, 1, 1, 0, 0, 0, 0, 1, 1, 1, 1, 0, 1, 1, 0, 0, 1, 1, 1, 0, 1, 1, 0, 0, 0, 0, 1, 0, 1, 0, 1, 1, 0, 0, 0, 1, 0, 0, 1, 0, 0, 1, 1, 1, 1, 0, 0, 1, 0, 1, 0, 0, 1, 1, 0, 0, 0, 1, 0, 1, 1, 0, 0, 1, 0, 1, 1, 1, 0, 1, 0, 1, 0, 0, 1, 0, 1, 1, 1, 0, 1, 1, 1, 0, 1, 0], "output_probs": [0.9998893737792969, 0.9999613761901855, 0.9992015957832336, 0.9999418258666992, 0.9999680519104004, 0.9999661445617676, 0.9989081621170044, 0.9999241828918457, 0.9943320155143738, 0.9999628067016602, 0.9994717836380005, 0.9999666213989258, 0.9999675750732422, 0.9999551773071289, 0.9996815323829651, 0.9999606609344482, 0.9988619685173035, 0.9999423027038574, 0.9985950589179993, 0.9999661445617676, 0.9882346391677856, 0.9995837807655334, 0.9988079071044922, 0.5941510200500488, 0.9992097020149231, 0.9999346733093262, 0.9996431469917297, 0.9999575614929199, 0.9999644756317139, 0.9998698234558105, 0.9999456405639648, 0.9999680519104004, 0.999934196472168, 0.9877336621284485, 0.9989105463027954, 0.9999675750732422, 0.9822310209274292, 0.9999494552612305, 0.999936580657959, 0.9991135001182556, 0.9999442100524902, 0.9999442100524902, 0.7895417809486389, 0.6275622248649597, 0.9999370574951172, 0.9830977916717529, 0.9999656677246094, 0.9999649524688721, 0.9999690055847168, 0.999967098236084, 0.9579196572303772, 0.9999136924743652, 0.6404266357421875, 0.9999299049377441, 0.9999642372131348, 0.9976072311401367, 0.992064893245697, 0.9999661445617676, 0.9999639987945557, 0.9999685287475586, 0.9999635219573975, 0.9985224008560181, 0.9915583729743958, 0.9986264705657959, 0.9441381096839905, 0.9999661445617676, 0.9991723299026489, 0.99884432554245, 0.9999423027038574, 0.9932316541671753, 0.984166145324707, 0.9912662506103516, 0.9998338222503662, 0.8799794316291809, 0.9999465942382812, 0.9993724226951599, 0.9999594688415527, 0.999943733215332, 0.999962568283081, 0.9998984336853027, 0.999967098236084, 0.999465823173523, 0.9991944432258606, 0.9999513626098633, 0.9993602633476257, 0.9999632835388184, 0.9999661445617676, 0.9993283748626709, 0.9946053624153137, 0.9999649524688721, 0.8946092128753662, 0.999941349029541, 0.9999232292175293, 0.998374342918396, 0.8537602424621582, 0.9970101714134216, 0.9987393021583557, 0.9999675750732422, 0.9999480247497559, 0.9967547059059143, 0.9999616146087646, 0.999967098236084, 0.999964714050293, 0.9999246597290039, 0.9999098777770996, 0.9985460042953491, 0.9999299049377441, 0.9999644756317139, 0.9999661445617676, 0.9999356269836426, 0.9996491074562073, 0.8837766647338867, 0.7511795163154602, 0.999967098236084, 0.9999675750732422, 0.9999470710754395, 0.9999675750732422, 0.9999442100524902, 0.9999403953552246, 0.9999465942382812, 0.9999570846557617, 0.9999065399169922, 0.9819558262825012, 0.9999403953552246, 0.9995330572128296, 0.9996662735939026, 0.9992794990539551, 0.9999635219573975, 0.9624797701835632, 0.9999380111694336, 0.9999508857727051, 0.999962329864502, 0.9999465942382812, 0.9999394416809082, 0.9999628067016602, 0.992822527885437, 0.9999632835388184, 0.9999518394470215, 0.9999661445617676, 0.9999661445617676, 0.9849638938903809, 0.9999279975891113, 0.9999680519104004, 0.992345929145813, 0.9999630451202393, 0.9999651908874512, 0.9999651908874512, 0.9997039437294006, 0.9999589920043945, 0.9999408721923828, 0.9999284744262695, 0.9999165534973145, 0.9999642372131348, 0.9934737086296082, 0.9999666213989258, 0.9999680519104004, 0.9999656677246094, 0.9999690055847168, 0.999967098236084, 0.9888052344322205, 0.9996328949928284, 0.999676525592804, 0.9999608993530273, 0.9999656677246094, 0.9999690055847168, 0.999967098236084, 0.9999289512634277, 0.9956725835800171, 0.9999179840087891, 0.9999442100524902, 0.999964714050293, 0.9999675750732422, 0.9999027252197266, 0.9999630451202393, 0.9999394416809082, 0.9999470710754395, 0.9998464584350586, 0.8412054181098938, 0.999964714050293, 0.999964714050293, 0.9830531477928162, 0.9998893737792969, 0.9998760223388672, 0.9036213755607605, 0.9998879432678223, 0.9998509883880615, 0.9998960494995117, 0.9985495805740356, 0.9779993891716003, 0.9797781109809875, 0.9735716581344604, 0.9997882843017578, 0.9999117851257324, 0.9999675750732422, 0.9957789182662964, 0.9999690055847168, 0.9999690055847168, 0.9995640516281128, 0.6527556777000427, 0.9967090487480164, 0.9966144561767578, 0.9999642372131348, 0.9998722076416016, 0.9966073632240295, 0.9979731440544128, 0.9999513626098633, 0.9999375343322754, 0.9999165534973145, 0.9999639987945557, 0.999913215637207, 0.9999661445617676, 0.9999620914459229, 0.9989134073257446, 0.8925177454948425, 0.999967098236084, 0.9999639987945557, 0.999762773513794, 0.999903678894043, 0.9999639987945557, 0.999906063079834, 0.9987784028053284, 0.9993805289268494, 0.9999222755432129, 0.9999661445617676, 0.9999432563781738, 0.9998478889465332, 0.9998965263366699, 0.9995906949043274, 0.9999666213989258, 0.9999666213989258, 0.999941349029541, 0.9995378255844116, 0.9999618530273438, 0.9953127503395081, 0.9335250854492188, 0.988044798374176, 0.9997299313545227, 0.999967098236084, 0.9998044967651367, 0.9998960494995117, 0.9572997689247131, 0.9999649524688721, 0.9999189376831055, 0.9997568130493164, 0.9999661445617676, 0.9999427795410156, 0.9999608993530273, 0.9999654293060303, 0.9999675750732422, 0.9496254920959473, 0.9999637603759766, 0.9998188018798828, 0.9998540878295898, 0.999967098236084, 0.9999651908874512, 0.9999265670776367, 0.9999494552612305, 0.9999480247497559, 0.9530906081199646, 0.999967098236084, 0.9968582987785339, 0.9973304271697998, 0.9796879887580872, 0.9999146461486816, 0.9999659061431885, 0.9956573843955994, 0.9999666213989258, 0.9999661445617676, 0.9999675750732422, 0.9999485015869141, 0.9998888969421387, 0.9999232292175293, 0.9980951547622681, 0.9999480247497559, 0.999964714050293, 0.9927901029586792, 0.9983360171318054, 0.9994248747825623, 0.9999198913574219, 0.9999651908874512, 0.9907759428024292, 0.9998750686645508, 0.9968297481536865, 0.9935746192932129, 0.869744598865509, 0.9977278113365173, 0.9999635219573975, 0.8432705998420715, 0.999967098236084, 0.9999685287475586, 0.9325047135353088, 0.9997735023498535, 0.999967098236084, 0.9999675750732422, 0.9999489784240723, 0.9917886853218079, 0.9949307441711426, 0.9999494552612305, 0.9335370659828186, 0.9950242042541504, 0.8450623750686646, 0.8987982273101807, 0.9934009909629822, 0.9903864860534668, 0.9999661445617676,