{"metrics": ["accuracy"], "train.score": {"loss": [0.5423330806873061, 0.32110679676973974, 0.18867775149546662, 0.1301959120220952, 0.09384274248082142, 0.08020547214992248, 0.06982230940492001, 0.0633106113051657, 0.05739498662145494, 0.0517647277810248, 0.05078712398452418, 0.04763961792772321, 0.046936739444756855, 0.041343733859581074, 0.040446081526075525, 0.041332919041735014, 0.03832212482222247, 0.03867728100838624, 0.039045743607952224, 0.033992087926606754, 0.03408975286678375, 0.03136349043146671, 0.034342558685593404, 0.03120132179419788, 0.03237344334038071, 0.03193930478376494, 0.028798800950579635, 0.03178571919190951, 0.027688759104681333, 0.027239720906318442, 0.026475667231942997], "accuracy": [0.7301135279650904, 0.8634849308677434, 0.9255319333444333, 0.9499139098748474, 0.9655987458721833, 0.9707732588591963, 0.9744222791097791, 0.9774478993228993, 0.9788925267440893, 0.9811004967254967, 0.9817980413683539, 0.982671950445388, 0.9834546963453215, 0.9854748116466867, 0.9862369618228993, 0.9854771964146964, 0.9867581420315795, 0.9865298546939172, 0.9866150559509935, 0.9878500405844156, 0.9883688360250861, 0.9892173798423799, 0.98774500239344, 0.9894975900835276, 0.9886870941558441, 0.9890156501484627, 0.9901063563172938, 0.9893073506354757, 0.9904602775696526, 0.9903612012987013, 0.9910448709276835]}, "val.score": {"loss": [0.40934368851897, 0.37326777223255725, 0.340786498668906, 0.34386585357707816, 0.3073318057342783, 0.34960030096691924, 0.2916068821758419, 0.2702125891462549, 0.2847766290817942, 0.27444881215304523, 0.33569065665269826, 0.3272914226566042, 0.3095150389164299, 0.3300725043110259, 0.3127202218422642, 0.29000037042545035, 0.28064737802782613, 0.26820996331123564, 0.2972199193552717, 0.29851545819214415, 0.20071606425108848, 0.4099208371012242, 0.31568486966773285, 0.3127822565374436, 0.29319259352595, 0.25501960288588105, 0.2315059071527673, 0.2602797972110959, 0.28601803737027304, 0.2838711298566747, 0.2688242123982349], "accuracy": [0.8132351899092971, 0.8597115929705215, 0.8812760899814471, 0.8972022521129663, 0.900503762110905, 0.9050646773861059, 0.9103970186559472, 0.9219651875901875, 0.9188174796433726, 0.9215601486806844, 0.9157205022160378, 0.9130350056689343, 0.9139988855390642, 0.92140554138322, 0.9213572266027623, 0.9187200448361162, 0.9266839311482168, 0.9293734539270253, 0.9276011067305711, 0.9239428726035869, 0.9435812203669347, 0.9196831194599051, 0.9297293728097301, 0.9260775806534737, 0.9274980351989282, 0.9352122951453309, 0.939219200937951, 0.9341952690166977, 0.9367825255102041, 0.9395243893011751, 0.9316072072768502]}, "n_epochs": 100, "stopped_epoch": 30, "monitor": "accuracy", "best_epoch": 20, "best_score": 0.9435812203669347, "best_chk": "../output/exp7/train.1.model_20.chk"}