{"score_map": {"accuracy": 0.87834375, "f1": 0.8712738888126238}, "output_labels": [0, 1, 1, 0, 0, 0, 1, 0, 1, 0, 0, 1, 1, 0, 0, 0, 0, 0, 1, 1, 0, 0, 1, 0, 1, 1, 1, 0, 1, 1, 1, 1, 0, 0, 0, 1, 1, 1, 0, 1, 1, 0, 1, 1, 1, 1, 0, 1, 0, 0, 0, 1, 1, 1, 1, 1, 1, 0, 1, 1, 0, 1, 1, 0, 1, 0, 1, 0, 0, 0, 1, 1, 1, 0, 0, 0, 1, 0, 1, 1, 0, 0, 0, 1, 0, 0, 1, 0, 0, 0, 1, 0, 0, 0, 0, 1, 0, 0, 1, 0, 0, 1, 0, 0, 1, 0, 0, 0, 1, 1, 0, 1, 0, 1, 1, 0, 0, 0, 0, 0, 1, 1, 1, 1, 0, 1, 1, 0, 1, 1, 0, 0, 0, 1, 0, 1, 0, 1, 1, 0, 0, 0, 1, 0, 0, 1, 1, 0, 1, 1, 1, 0, 0, 0, 0, 1, 1, 0, 0, 0, 1, 0, 0, 1, 1, 0, 0, 1, 1, 1, 0, 1, 1, 1, 1, 1, 0, 1, 0, 0, 1, 1, 1, 0, 0, 0, 1, 1, 0, 0, 0, 0, 0, 1, 0, 1, 0, 0, 0, 1, 0, 1, 0, 1, 0, 0, 1, 1, 1, 0, 0, 1, 1, 0, 1, 1, 0, 0, 0, 0, 1, 0, 0, 1, 1, 1, 0, 1, 1, 1, 0, 0, 1, 1, 1, 0, 0, 0, 0, 1, 0, 1, 0, 1, 1, 1, 0, 0, 0, 0, 0, 1, 0, 1, 1, 1, 0, 0, 1, 1, 0, 0, 0, 0, 0, 1, 1, 1, 0, 0, 1, 0, 1, 0, 1, 0, 0, 1, 0, 1, 0, 0, 0, 0, 0, 1, 0, 0, 1, 0, 1, 1, 1, 0, 0, 0, 0, 1, 1, 1, 1, 1, 1, 0, 1, 0, 0, 0, 0, 0, 0, 1, 1, 1, 0, 0, 0, 0, 0, 0, 0, 0, 0, 0, 0, 0, 0, 0, 0, 0, 1, 0, 1, 1, 0, 1, 1, 0, 0, 1, 0, 1, 0, 0, 1, 1, 0, 1, 1, 1, 1, 1, 1, 0, 1, 0, 1, 0, 1, 1, 0, 0, 0, 0, 1, 0, 0, 0, 0, 0, 1, 0, 1, 0, 0, 1, 0, 1, 0, 1, 0, 1, 1, 1, 0, 1, 0, 0, 0, 0, 0, 0, 0, 0, 1, 0, 1, 0, 1, 0, 0, 1, 1, 1, 0, 0, 1, 1, 1, 0, 0, 1, 0, 0, 0, 1, 0, 1, 1, 0, 1, 1, 1, 0, 1, 0, 1, 0, 1, 0, 1, 1, 0, 0, 0, 0, 0, 0, 1, 1, 1, 0, 0, 0, 0, 0, 1, 1, 0, 1, 1, 0, 0, 1, 1, 0, 0, 0, 0, 0, 1, 1, 0, 0, 0, 0, 1, 0, 0, 1, 1, 1, 1, 0, 0, 1, 0, 1, 0, 0, 1, 0, 0, 1, 1, 1, 1, 1, 0, 1, 0, 0, 1, 1, 1, 0, 0, 0, 1, 0, 0, 0, 0, 0, 0, 0, 1, 0, 0, 1, 0, 1, 1, 1, 1, 0, 0, 0, 0, 1, 1, 0, 1, 1, 1, 0, 1, 0, 1, 0, 1, 1, 1, 1, 0, 0, 0, 0, 0, 0, 0, 1, 1, 0, 1, 0, 1, 0, 1, 1, 1, 1, 1, 0, 0, 0, 0, 1, 0, 1, 0, 1, 0, 0, 1, 1, 1, 0, 1, 1, 1, 0, 0, 1, 1, 0, 0, 0, 0, 1, 1, 0, 0, 1, 0, 1, 1, 0, 1, 0, 1, 0, 1, 0, 1, 0, 1, 0, 1, 1, 1, 0, 0, 0, 1, 1, 1, 1, 1, 0, 1, 0, 0, 1, 1, 0, 1, 0, 1, 1, 0, 1, 0, 0, 0, 0, 0, 1, 1, 1, 1, 0, 1, 0, 0, 1, 0, 1, 0, 0, 1, 0, 0, 0, 0, 0, 0, 1, 1, 1, 1, 0, 1, 1, 0, 0, 0, 0, 0, 0, 0, 1, 1, 1, 1, 0, 1, 1, 1, 0, 0, 1, 0, 1, 1, 1, 1, 1, 1, 1, 0, 1, 0, 1, 0, 1, 0, 1, 1, 1, 0, 0, 0, 1, 0, 0, 0, 0, 1, 0, 0, 0, 1, 0, 0, 1, 0, 1, 1, 0, 1, 1, 1, 0, 1, 0, 0, 1, 0, 0, 1, 0, 1, 1, 1, 1, 0, 1, 0, 0, 1, 1, 0, 0, 1, 0, 1, 1, 0, 1, 0, 1, 0, 0, 0, 1, 1, 0, 1, 0, 0, 1, 0, 1, 1, 0, 0, 0, 1, 1, 0, 0, 0, 0, 1], "output_probs": [0.9947006702423096, 0.9992271065711975, 0.9651061296463013, 0.9957948327064514, 0.9940304756164551, 0.9877632856369019, 0.8527818918228149, 0.7899035215377808, 0.9961925745010376, 0.855249285697937, 0.99650639295578, 0.9982631802558899, 0.9974755048751831, 0.9776715040206909, 0.9870933294296265, 0.9695367217063904, 0.9061292409896851, 0.9855881333351135, 0.8102280497550964, 0.9827605485916138, 0.9619374871253967, 0.979079008102417, 0.9971818327903748, 0.9845427870750427, 0.9952529668807983, 0.999046802520752, 0.9978553652763367, 0.9205030798912048, 0.9916777610778809, 0.9717355966567993, 0.9688010811805725, 0.9473084211349487, 0.6435599327087402, 0.9987323880195618, 0.9777909517288208, 0.7273337244987488, 0.9967254400253296, 0.9990894198417664, 0.9932723641395569, 0.9977923035621643, 0.9989467263221741, 0.9991151690483093, 0.9967874884605408, 0.9585559964179993, 0.8441018462181091, 0.9970551133155823, 0.9966109395027161, 0.9953922629356384, 0.9829338192939758, 0.9817383289337158, 0.9699097275733948, 0.6495628356933594, 0.998561441898346, 0.9288016557693481, 0.8295106887817383, 0.5749793648719788, 0.9990322589874268, 0.9549559950828552, 0.9809461236000061, 0.6156567931175232, 0.8701350092887878, 0.671757161617279, 0.7549938559532166, 0.9911019802093506, 0.9991163611412048, 0.9942983388900757, 0.9933590888977051, 0.996148407459259, 0.9986523985862732, 0.9883201718330383, 0.9988952875137329, 0.6346718668937683, 0.9964569807052612, 0.9595351219177246, 0.9939823746681213, 0.7211474776268005, 0.9924074411392212, 0.9973530173301697, 0.9977894425392151, 0.9990289211273193, 0.9983996152877808, 0.9978593587875366, 0.9733660221099854, 0.9980663657188416, 0.9967100024223328, 0.9987359642982483, 0.5840634107589722, 0.9988791346549988, 0.9670078158378601, 0.9934012293815613, 0.9985173940658569, 0.9974431395530701, 0.9969569444656372, 0.9857897758483887, 0.9807882308959961, 0.9989820122718811, 0.9963521957397461, 0.9992892742156982, 0.9896358847618103, 0.999058187007904, 0.9958323240280151, 0.9772598147392273, 0.9062079787254333, 0.9851319193840027, 0.9989550709724426, 0.9926405549049377, 0.9938674569129944, 0.9981237649917603, 0.8904574513435364, 0.7335125803947449, 0.9955902099609375, 0.7088777422904968, 0.7588222622871399, 0.9761890769004822, 0.9986833930015564, 0.9780598878860474, 0.8037793040275574, 0.6466944813728333, 0.9942852854728699, 0.9987536072731018, 0.9959593415260315, 0.997521162033081, 0.9674350023269653, 0.9985809922218323, 0.9877503514289856, 0.998217761516571, 0.9626026749610901, 0.8725913763046265, 0.7527624368667603, 0.9991963505744934, 0.9701709747314453, 0.9988555312156677, 0.9902618527412415, 0.5025247931480408, 0.998902440071106, 0.9973846077919006, 0.9987250566482544, 0.9989705681800842, 0.9970991015434265, 0.9649460911750793, 0.6614421010017395, 0.7872947454452515, 0.9989691376686096, 0.5890151858329773, 0.9922463297843933, 0.9684494733810425, 0.9988364577293396, 0.7985208630561829, 0.8006653785705566, 0.9982605576515198, 0.9992811679840088, 0.9893946647644043, 0.9821656942367554, 0.9972742795944214, 0.9915047287940979, 0.7089815139770508, 0.9989750981330872, 0.9874932169914246, 0.6602951884269714, 0.9286447763442993, 0.9944137930870056, 0.998326301574707, 0.9971166849136353, 0.9944379329681396, 0.9279060363769531, 0.9966784119606018, 0.9931454658508301, 0.9989014863967896, 0.9974314570426941, 0.9980250000953674, 0.9235947728157043, 0.9680412411689758, 0.9990555644035339, 0.9989074468612671, 0.9976167678833008, 0.9821421504020691, 0.9977373480796814, 0.9984874129295349, 0.9826316833496094, 0.9743539094924927, 0.651926577091217, 0.9990867972373962, 0.9989591240882874, 0.9991346597671509, 0.9988255500793457, 0.9131726622581482, 0.9970199465751648, 0.6054794788360596, 0.9922441840171814, 0.9856737852096558, 0.9984588623046875, 0.9862324595451355, 0.972869336605072, 0.9987993240356445, 0.9961830973625183, 0.643666684627533, 0.5941692590713501, 0.9986007213592529, 0.9789990186691284, 0.9966760277748108, 0.996114194393158, 0.9970767498016357, 0.9633917808532715, 0.9991828203201294, 0.9889791011810303, 0.9674586653709412, 0.9987578988075256, 0.9988009929656982, 0.9812242388725281, 0.6622793078422546, 0.9988507628440857, 0.9961849451065063, 0.9961839914321899, 0.9342582821846008, 0.9978044033050537, 0.7699146270751953, 0.9975649118423462, 0.9565216898918152, 0.9428603649139404, 0.8487522006034851, 0.9899986386299133, 0.849622368812561, 0.9979780912399292, 0.9991070628166199, 0.6703330874443054, 0.9990310668945312, 0.9907991290092468, 0.7704570293426514, 0.9977849125862122, 0.7900140285491943, 0.8327867388725281, 0.9646967649459839, 0.5878028273582458, 0.9991899728775024, 0.9947336316108704, 0.8135421872138977, 0.9378553032875061, 0.9965066313743591, 0.9954791069030762, 0.9991856813430786, 0.9768734574317932, 0.9980894923210144, 0.9993369579315186, 0.7147529721260071, 0.9978320002555847, 0.8191369771957397, 0.7719107866287231, 0.9473491907119751, 0.9989215135574341, 0.9901242256164551, 0.9963089823722839, 0.9975280165672302, 0.8261842131614685, 0.9950534105300903, 0.9910343885421753, 0.9992930889129639, 0.9257690906524658, 0.9754650592803955, 0.9983574748039246, 0.966738760471344, 0.9989631772041321, 0.9501268863677979, 0.9738038182258606, 0.9717130064964294, 0.9988791346549988, 0.9916661977767944, 0.9907159805297852, 0.6865016222000122, 0.9698529839515686, 0.9878545999526978, 0.9978341460227966, 0.9082640409469604, 0.998319149017334, 0.9366134405136108, 0.9988064765930176, 0.9966114163398743, 0.9880804419517517, 0.6972755193710327, 0.8414037227630615, 0.9988888502120972, 0.9920587539672852, 