{"metrics": ["accuracy"], "train.score": {"loss": [2.0675653639961693, 1.6102374721975887, 1.2542432125876932, 1.025413741083706, 0.8317419360665714, 0.7265922812854543, 0.6548970762421104, 0.5985015981337604, 0.5742720768732184, 0.5493385441163007, 0.5511574008885551, 0.4902386875713573, 0.5021508458782645, 0.4988120075534372, 0.47598038526142344, 0.4614202678203583, 0.4590013570645276, 0.4425730354645673, 0.4333502930753371, 0.4138315004460952, 0.4100365235525019, 0.3918224906220156, 0.3933401370749754, 0.3860172927379608, 0.3696698283447939, 0.37898439168930054, 0.33961538093931537, 0.3392088579780915, 0.343393813161289, 0.34146110362866344, 0.3289904182448107, 0.3238870019421858, 0.3114217493463965, 0.30000438409693103, 0.28586087156744566, 0.2974367106662077, 0.2743621231878505, 0.26772945418077354, 0.2467561456210473, 0.24646135638741887, 0.257546747870305, 0.24189399270450368, 0.22356741743929245, 0.22848399640882716, 0.22541861674364874, 0.21518834592664943, 0.20579815699773676, 0.21585970854057984, 0.1950481481411878, 0.18384613447329579, 0.18654238476472743, 0.1646451211589224, 0.1643222995540675, 0.1625612036270254, 0.1698338021250332, 0.16706900605384042, 0.1633509070995976, 0.13342958053245263, 0.14615401757114074, 0.13578603175633094, 0.1390529763610924, 0.13010933852809317, 0.123446081600645, 0.11048968552666552, 0.09891329409883302, 0.08535377752474126], "accuracy": [0.62906346749226, 0.6456075851393189, 0.6639899380804953, 0.6837267801857585, 0.7051083591331269, 0.7118808049535603, 0.7547407120743034, 0.7246517027863777, 0.7535797213622291, 0.7516447368421053, 0.7479682662538699, 0.7627708978328173, 0.7442917956656346, 0.7773800309597523, 0.7921826625386996, 0.7798955108359132, 0.7793150154798761, 0.7970201238390092, 0.807469040247678, 0.8173374613003096, 0.8160797213622291, 0.8399767801857585, 0.8246904024767803, 0.838719040247678, 0.8320433436532508, 0.8357198142414861, 0.8614551083591332, 0.8669698142414861, 0.860874613003096, 0.8651315789473685, 0.8577786377708979, 0.8515866873065016, 0.8682275541795665, 0.8798374613003096, 0.8791602167182662, 0.8743227554179567, 0.8908668730650156, 0.8866099071207431, 0.9080882352941176, 0.8908668730650156, 0.8809984520123839, 0.9049922600619196, 0.9123452012383901, 0.9105069659442725, 0.9086687306501549, 0.9074109907120743, 0.9196981424148607, 0.9160216718266254, 0.9221168730650156, 0.9215363777089783, 0.923374613003096, 0.9362422600619196, 0.9319852941176471, 0.9375, 0.9301470588235294, 0.9301470588235294, 0.9356617647058824, 0.9393382352941176, 0.9472716718266253, 0.9362422600619196, 0.9411764705882353, 0.9393382352941176, 0.9485294117647058, 0.9577205882352942, 0.9595588235294118, 0.9669117647058824]}, "val.score": {"loss": [1.720982775837183, 1.3097884941846132, 1.0154062103480102, 0.8305335570126772, 0.7187615588307381, 0.6418320700526238, 0.5863489538431168, 0.5490639299154282, 0.5223988890647888, 0.5041144922375679, 0.4890534907579422, 0.47958147525787354, 0.4733602970838547, 0.46628147959709165, 0.45917066335678103, 0.45408618450164795, 0.4468970775604248, 0.4400909900665283, 0.4337958633899689, 0.4272443413734436, 0.42113899290561674, 0.41317038834095, 0.4057022452354431, 0.3978711634874344, 0.3915987700223923, 0.385050992667675, 0.3783209428191185, 0.37338181436061857, 0.3694406434893608, 0.364809063076973, 0.3581432685256004, 0.35111128985881807, 0.3459035336971283, 0.3408908978104591, 0.3358188897371292, 0.33027716875076296, 0.32437282502651216, 0.3202911287546158, 0.3171403929591179, 0.31452172100543974, 0.3106913551688194, 0.30824360698461534, 0.307251387834549, 0.3063335418701172, 0.3036845877766609, 0.3012408085167408, 0.2997254073619843, 0.2966438703238964, 0.29519034549593925, 0.2960259892046452, 0.2961651645600796, 0.2970501720905304, 0.2972438886761665, 0.2985515400767326, 0.29895920902490614, 0.29767945408821106, 0.2983697116374969, 0.30070910677313806, 0.3024794775992632, 0.3033994995057583, 0.30451030358672143, 0.30603445768356324, 0.30705183148384096, 0.3093461513519287, 0.3126189008355141, 0.32075526416301725], "accuracy": [0.68125, 0.7125, 0.75, 0.75625, 0.75625, 0.76875, 0.78125, 0.79375, 0.8, 0.8, 0.8, 0.80625, 0.8125, 0.80625, 0.8125, 0.8125, 0.8125, 0.81875, 0.81875, 0.825, 0.8375, 0.8375, 0.84375, 0.84375, 0.84375, 0.84375, 0.85, 0.85, 0.85625, 0.85625, 0.85625, 0.86875, 0.86875, 0.86875, 0.86875, 0.86875, 0.86875, 0.86875, 0.86875, 0.875, 0.88125, 0.88125, 0.88125, 0.88125, 0.88125, 0.88125, 0.88125, 0.8875, 0.8875, 0.8875, 0.8875, 0.8875, 0.8875, 0.8875, 0.8875, 0.9, 0.89375, 0.89375, 0.89375, 0.8875, 0.89375, 0.89375, 0.89375, 0.89375, 0.9, 0.9]}, "n_epochs": 100, "stopped_epoch": 65, "monitor": "accuracy", "best_epoch": 55, "best_score": 0.9, "best_chk": "../output/exp4/train.1.model_55.chk"}