{"score_map": {"accuracy": 0.6340503246753247, "f1": 0.5652532919600588}, "output_labels": [1, 0, 0, 0, 1, 1, 0, 1, 0, 0, 1, 0, 0, 1, 1, 1, 1, 0, 1, 0, 1, 1, 1, 0, 1, 0, 1, 1, 0, 0, 0, 1, 0, 0, 1, 1, 1, 1, 1, 1, 1, 1, 1, 1, 0, 0, 1, 1, 1, 1, 1, 0, 1, 0, 1, 0, 1, 0, 1, 0, 1, 0, 0, 0, 0, 0, 1, 1, 0, 1, 0, 0, 1, 1, 1, 0, 0, 1, 0, 0, 0, 0, 1, 0, 1, 1, 1, 1, 1, 1, 0, 1, 1, 1, 1, 1, 1, 0, 1, 0, 1, 1, 1, 0, 1, 0, 0, 1, 0, 1, 0, 1, 0, 1, 0, 0, 0, 1, 0, 0, 0, 0, 1, 1, 1, 0, 1, 1, 0, 0, 0, 0, 1, 1, 1, 0, 0, 1, 0, 1, 1, 0, 0, 1, 1, 1, 1, 1, 0, 1, 0, 0, 1, 1, 1, 0, 1, 1, 0, 0, 1, 0, 0, 0, 1, 0, 1, 0, 1, 1, 1, 0, 1, 0, 0, 1, 1, 0, 0, 1, 1, 1, 0, 0, 1, 1, 0, 0, 0, 1, 0, 1, 1, 0, 1, 1, 0, 0, 1, 1, 0, 1, 0, 0, 0, 1, 1, 0, 1, 1, 0, 1, 0, 0, 0, 0, 1, 1, 1, 1, 1, 0, 1, 0, 1, 1, 1, 1, 0, 0, 0, 1, 1, 1, 1, 0, 0, 1, 1, 0, 0, 0, 1, 1, 1, 0, 1, 0, 0, 0, 1, 0, 0, 1, 0, 1, 1, 1, 0, 1, 0, 0, 1, 0, 0, 0, 0, 0, 0, 1, 1, 1, 1, 1, 0, 1, 1, 0, 1, 1, 0, 1, 1, 1, 1, 0, 1, 1, 0, 1, 1, 1, 1, 0, 1, 1, 1, 1, 0, 1, 0, 1, 1, 0, 1, 0, 0, 0, 1, 1, 0, 0, 0, 1, 1, 0, 0, 1, 0, 1, 0, 1, 1, 1, 1, 0, 1, 0, 1, 1, 0, 0, 0, 0, 0, 0, 0, 1, 1, 1, 1, 0, 1, 0, 1, 1, 1, 1, 0, 0, 1, 0, 1, 1, 0, 0, 0, 0, 0, 1, 1, 0, 1, 0, 1, 1, 0, 0, 1, 1, 0, 1, 0, 1, 1, 1, 0, 0, 1, 0, 1, 0, 1, 1, 1, 1, 0, 1, 1, 0, 1, 1, 0, 0, 1, 0, 1, 0, 1, 0, 0, 0, 0, 0, 0, 0, 1, 1, 0, 1, 0, 0, 0, 1, 1, 0, 1, 1, 0, 1, 1, 1, 0, 1, 1, 1, 0, 1, 0, 0, 0, 0, 1, 0, 1, 1, 0, 1, 1, 1, 1, 1, 0, 1, 0, 1, 1, 1, 1, 1, 1, 1, 0, 0, 1, 0, 1, 1, 1, 1, 1, 1, 0, 0, 1, 1, 1, 1, 0, 0, 0, 1, 0, 1, 1, 1, 0, 0, 0, 0, 1, 0, 0, 1, 1, 1, 1, 0, 0, 1, 1, 0, 0, 0, 1, 1, 1, 0, 0, 1, 0, 1, 0, 0, 1, 0, 1, 1, 0, 1, 0, 1, 0, 0, 0, 1, 0, 1, 1, 1, 1, 1, 0, 0, 1, 1, 1, 1, 1, 1, 1, 1, 1, 1, 1, 0, 1, 1, 0, 0, 0, 1, 1, 0, 0, 0, 0, 1, 1, 1, 1, 1, 1, 1, 0, 1, 1, 1, 1, 0, 0, 1, 1, 1, 0, 0, 0, 1, 1, 1, 1, 0, 1, 0, 0, 1, 1, 1, 1, 1, 0, 0, 0, 1, 1, 0, 1, 0, 0], "output_probs": [0.9982691407203674, 0.9992426037788391, 0.9926689267158508, 0.6649196147918701, 0.9118886590003967, 0.8488767743110657, 0.7091729044914246, 0.9828385710716248, 0.9427338242530823, 0.7691767811775208, 0.9476200342178345, 0.9070429801940918, 0.9993955492973328, 0.9856911897659302, 0.9833849668502808, 0.8879024386405945, 0.9064027070999146, 0.764185905456543, 0.7806735038757324, 0.9972949624061584, 0.9978817701339722, 0.9817168116569519, 0.5883481502532959, 0.9995259046554565, 0.9728697538375854, 0.9990239143371582, 0.9960876107215881, 0.9582035541534424, 0.9992754459381104, 0.6105802655220032, 0.6245084404945374, 0.9396600127220154, 0.9985524415969849, 0.9874569773674011, 0.5477321743965149, 0.9975491762161255, 0.6947805881500244, 0.8593706488609314, 0.9550004005432129, 0.9993845820426941, 0.9975815415382385, 0.5473595857620239, 0.9948825836181641, 0.963524580001831, 0.9261583089828491, 0.8207991123199463, 0.7106124758720398, 0.9993453025817871, 0.9798353314399719, 0.9701036810874939, 0.9859797954559326, 0.9929352402687073, 0.980678379535675, 0.9207994937896729, 0.984357476234436, 0.6740001440048218, 0.999237596988678, 0.7376349568367004, 0.9857090711593628, 0.9301152229309082, 0.9959479570388794, 0.5796646475791931, 0.9969640374183655, 0.9990379810333252, 0.9280411005020142, 0.8027395009994507, 0.9529358744621277, 0.9993190765380859, 0.9384509325027466, 0.5287138819694519, 0.7975393533706665, 0.976163923740387, 0.9983998537063599, 0.8546614050865173, 0.9995930790901184, 0.999305009841919, 0.8579802513122559, 0.9784667491912842, 0.8693962693214417, 0.9848652482032776, 0.7534865736961365, 0.9985745549201965, 0.995689868927002, 0.9656960368156433, 0.9704418778419495, 0.8413658142089844, 0.9707135558128357, 0.8573552966117859, 0.9974693059921265, 0.9995657205581665, 0.9586869478225708, 0.9982225298881531, 0.9317553043365479, 0.9884999990463257, 0.9995337724685669, 0.9838821291923523, 0.9994972944259644, 0.9162874817848206, 0.7559292912483215, 0.7347403168678284, 0.9808704257011414, 0.996658205986023, 0.9976405501365662, 0.9611970782279968, 0.9085268974304199, 0.8711486458778381, 0.9994370341300964, 0.9960787892341614, 0.9970341920852661, 0.964820146560669, 0.9986802935600281, 0.9968114495277405, 0.9674997925758362, 0.9968664050102234, 0.630292534828186, 0.8699150681495667, 0.9949962496757507, 0.9969412684440613, 0.9839649200439453, 0.9918369054794312, 0.65114426612854, 0.5370544195175171, 0.8638454675674438, 0.8506236672401428, 0.9792572259902954, 0.5017967224121094, 0.999400794506073, 0.8771284818649292, 0.998786449432373, 0.9277831315994263, 0.6810389757156372, 0.9495928883552551, 0.9996221661567688, 0.9719201922416687, 0.982441246509552, 0.6861768364906311, 0.9908848404884338, 0.8411739468574524, 0.9513373374938965, 0.5962547659873962, 0.9945828318595886, 0.890213668346405, 0.8967318534851074, 0.9942336082458496, 0.5471662282943726, 0.9986574053764343, 0.9994167685508728, 0.9634482860565186, 0.8569653630256653, 0.9981420636177063, 0.8792380690574646, 0.981255829334259, 0.9402773380279541, 0.9947032928466797, 0.9089584350585938, 0.6020165085792542, 0.9972590804100037, 0.6900104880332947, 0.5595772862434387, 0.9991828203201294, 0.9130659699440002, 0.9356156587600708, 0.671345055103302, 0.5604392290115356, 0.9976609945297241, 0.9167519211769104, 0.9938133955001831, 0.8014482855796814, 0.6473004221916199, 0.8215392231941223, 0.9902616143226624, 0.6347456574440002, 0.912564218044281, 0.7254305481910706, 0.9914489388465881, 0.8111016750335693, 0.999541163444519, 0.99859219789505, 0.8826993703842163, 0.9299686551094055, 0.9951182007789612, 0.9952806830406189, 0.850561797618866, 0.9983781576156616, 0.5077725052833557, 0.9989100694656372, 0.9816344380378723, 0.9394038915634155, 0.9985247850418091, 0.7597098350524902, 0.9676783680915833, 0.9988452792167664, 0.9982532262802124, 0.7603190541267395, 0.9062824249267578, 0.9960702657699585, 0.9926272630691528, 0.9929866194725037, 0.5178163051605225, 0.9911662340164185, 0.8045555949211121, 0.9955533742904663, 0.9868704676628113, 0.9782249927520752, 0.9426835775375366, 0.9993324279785156, 0.9106582999229431, 0.9883260726928711, 0.9844926595687866, 0.7971296906471252, 0.637635350227356, 0.9988943338394165, 0.710074245929718, 0.9987998008728027, 0.9790244698524475, 0.5261978507041931, 0.868801474571228, 0.9019659757614136, 0.8973883390426636, 0.7936199903488159, 0.9502415060997009, 0.9702010154724121, 0.9996145367622375, 0.9992730617523193, 0.971270740032196, 0.9625933766365051, 0.9808340668678284, 0.9878848195075989, 0.9883319735527039, 0.9780637621879578, 0.9992761611938477, 0.9591834545135498, 0.9997065663337708, 0.9975813031196594, 0.9981753826141357, 0.8205581903457642, 0.9994089007377625, 0.9963443279266357, 0.9355912208557129, 0.614851176738739, 0.9909639954566956, 0.9987162351608276, 0.98728346824646, 0.9906339645385742, 0.9984919428825378, 0.8150257468223572, 0.994138777256012, 0.8179912567138672, 0.9982472658157349, 0.5265572667121887, 0.7134845852851868, 0.9617360234260559, 0.9966986179351807, 0.9960296750068665, 0.6032959818840027, 0.9782090187072754, 0.9259040951728821, 0.9915976524353027, 0.9990432262420654, 0.9824538826942444, 0.795825183391571, 0.9649091958999634, 0.6241425275802612, 0.9991037249565125, 0.9461100101470947, 0.9990903735160828, 0.5934004187583923, 0.9276506304740906, 0.9979543089866638, 0.9983015060424805, 0.9609618782997131, 0.9348015785217285, 0.9615681767463684, 0.9720910787582397, 0.9983989000320435, 0.8986667394638062, 0.9980794787406921, 0.9915385246276855, 0.5291661620140076, 0.998851478099823, 0.5169697999954224, 0.7290380001068115, 0.9730278849601746, 0.8498630523681641, 0.7711167335510254, 0.891582727432251, 0.9098457098007202, 0.9886602759361267, 0.9972333908081055, 0.8069921135902405, 0.993424654006958, 0.9010504484176636, 0.5196870565414429, 0.9523137807846069, 0.979648232460022, 0.9992733001708984, 0.9900012016296387, 0.6544139385223389, 0.9721524119377136, 0.9951983690261841, 0.7335505485534668, 0.9378548264503479, 0.9989805817604065, 0.9416957497596741, 0.7733970284461975, 0.9716546535491943, 0.9971012473106384, 0.6742127537727356, 