{"score_map": {"accuracy": 0.7757936507936508, "f1": 0.7653291109206253}, "output_labels": [1, 0, 1, 0, 1, 0, 0, 0, 0, 1, 0, 1, 1, 0, 0, 0, 0, 1, 0, 1, 1, 0, 1, 0, 0, 0, 1, 0, 0, 0, 0, 1, 0, 0, 0, 1, 0, 1, 1, 1, 0, 1, 1, 0, 0, 1, 0, 1, 1, 0, 1, 1, 1, 1, 0, 0, 0, 1, 0, 1, 1, 0, 1, 1, 0, 0, 0, 0, 0, 1, 0, 1, 1, 1, 0, 1, 1, 0, 0, 1, 0, 0, 0, 0, 1, 0, 0, 0, 0, 0, 1, 0, 0, 1, 1, 1, 0, 1, 0, 1, 0, 0, 0, 0, 0, 0, 0, 0, 0, 1, 0, 1, 0, 0, 0, 0, 0, 1, 0, 1, 1, 0, 1, 0, 0, 1, 0, 1, 0, 0, 0, 0, 1, 0, 1, 0, 1, 1, 1, 0, 0, 1, 1, 0, 0, 0, 0, 0, 0, 1, 0, 0, 0, 1, 0, 1, 0, 1, 1, 1, 0, 1, 1, 0, 0, 0, 1, 0, 0, 1, 1, 1, 0, 0, 0, 0, 0, 0, 0, 1, 1, 1, 0, 0, 1, 1, 0, 0, 1, 1, 1, 0, 0, 1, 1, 0, 0, 0, 1, 0, 1, 1, 0, 1, 1, 1, 0, 1, 1, 1, 1, 0, 1, 1, 1, 1, 1, 0, 1, 1, 0, 0, 1, 1, 1, 0, 1, 0, 0, 0, 1, 0, 0, 0, 1, 0, 1, 0, 0, 0, 1, 1, 0, 0, 1, 1, 1, 0, 1, 1, 0, 0, 1, 0, 1, 1, 1, 1, 1, 1, 1, 1, 0, 0, 0, 1, 0, 1, 0, 0, 1, 0, 0, 1, 1, 0, 1, 1, 1, 0, 1, 0, 0, 1, 0, 1, 0, 1, 1, 1, 1, 1, 0, 1, 0, 0, 1, 1, 0, 0, 1, 1, 0, 1, 1, 0, 0, 0, 1, 0, 0, 0, 0, 0, 0, 1, 1, 0, 0, 0, 0, 0, 1, 1, 0, 1, 1, 0, 1, 0, 1, 0, 1, 0, 1, 1, 0, 1, 0, 0, 0, 1, 1, 0, 1, 1, 1, 0, 0, 0, 0, 1, 0, 1, 1, 1, 1, 1, 1, 0, 1, 0, 1, 1, 1, 1, 1, 0, 0, 0, 1, 0, 0, 1, 1, 0, 0, 1, 1, 1, 0, 0, 1, 0, 1, 1, 1, 1, 1, 1, 0, 0, 0, 0, 0, 0, 0, 1, 1, 1, 0, 0, 1, 1, 0, 1, 1, 1, 1, 1, 0, 0, 1, 0, 0, 1, 0, 1, 1, 0, 1, 1, 1, 1, 1, 0, 1, 1, 0, 0, 0, 0, 1, 0, 1, 0, 0, 0, 0, 0, 1, 0, 0, 1, 1, 1, 0, 0, 0, 1, 1, 0, 0, 1, 0, 0, 0, 0, 0, 0, 0, 0, 0, 0, 1, 1, 0, 0, 0, 1, 1, 1, 0, 0, 0, 0, 0, 1, 1, 0, 1, 0, 0, 0, 1, 1, 1, 1, 0, 1, 0, 1, 1, 1, 1, 0, 1, 0, 0, 1, 1, 1, 0, 0, 1, 1, 0, 1, 0, 0, 0, 0, 0, 1, 0, 1, 1, 0, 1, 1, 0, 0, 0, 0, 0, 0, 1, 1, 1, 0, 0, 0, 0, 1, 1, 0, 1, 1, 1, 0, 1, 0, 0, 0, 0, 1, 0, 0, 0, 0, 1, 1, 0, 1, 1, 0, 1, 1, 0, 0, 0, 1, 0, 1, 0, 0, 1, 0, 1, 0, 1, 1, 1, 1, 0, 0, 1, 1, 0, 0, 0, 0, 0, 0, 1, 0, 0, 1, 1, 1, 1, 0, 0, 0, 1, 0, 0, 1, 0, 0, 1, 0, 0, 0, 0, 0, 1, 1, 0, 1, 1, 0, 1, 1, 0, 0, 0, 0, 1, 1, 0, 0, 0, 0, 1, 1, 0, 0, 0, 1, 0, 0, 0, 1, 1, 0, 0, 1, 0, 1, 1, 1, 1, 0, 1, 0, 0, 1, 1, 0, 0, 1, 1, 1, 1, 0, 1, 0, 1, 1, 1, 1, 1, 0], "output_probs": [0.862511932849884, 0.5593186616897583, 0.8710755109786987, 0.5815754532814026, 0.8645240664482117, 0.6056656837463379, 0.8452637195587158, 0.8328205347061157, 0.9400280714035034, 0.8615059852600098, 0.7810203433036804, 0.6992092728614807, 0.8700893521308899, 0.8316433429718018, 0.6453396677970886, 0.8209184408187866, 0.6913290619850159, 0.5012191534042358, 0.9398370385169983, 0.7718758583068848, 0.8576645851135254, 0.6005675792694092, 0.8750022053718567, 0.6605945825576782, 0.5494774580001831, 0.8101609945297241, 0.8740981817245483, 0.8417997360229492, 0.714726448059082, 0.6108858585357666, 0.7508957386016846, 0.7424219250679016, 0.6405347585678101, 0.6697276830673218, 0.8438841104507446, 0.8778654336929321, 0.5616632103919983, 0.6764330267906189, 0.863132119178772, 0.8177208304405212, 0.5078480243682861, 0.8643216490745544, 0.5061394572257996, 0.635470986366272, 0.8098196387290955, 0.5429500341415405, 0.7722468376159668, 0.8077932000160217, 0.5728139877319336, 0.5224272012710571, 0.8911073803901672, 0.5081064105033875, 0.7172413468360901, 0.8527852296829224, 0.6091219186782837, 0.6441888809204102, 0.7235020995140076, 0.8820103406906128, 0.8488838076591492, 0.8594917058944702, 0.7224109172821045, 0.7368881106376648, 0.874864935874939, 0.5324770212173462, 0.7998465299606323, 0.5722761154174805, 0.6542686820030212, 0.6436187624931335, 0.8853322267532349, 0.6724037528038025, 0.7675091028213501, 0.8772846460342407, 0.8777245283126831, 0.8678271174430847, 0.7708463668823242, 0.6441140174865723, 0.7144505381584167, 0.5725123286247253, 0.7791417241096497, 0.8518198728561401, 0.8740512132644653, 0.6433514952659607, 0.5609866976737976, 0.6384934186935425, 0.5399031639099121, 0.6824005246162415, 0.5993958711624146, 0.8010525703430176, 0.7338879704475403, 0.8036074042320251, 0.7660228610038757, 0.5200669765472412, 0.6603292226791382, 0.8552793860435486, 0.7191378474235535, 0.8754075765609741, 0.8714202046394348, 0.8755993843078613, 0.5360204577445984, 0.7057138085365295, 0.5964552164077759, 0.7274959683418274, 0.7087892889976501, 0.6959218978881836, 0.6929288506507874, 0.7142366170883179, 0.838047206401825, 0.672421395778656, 0.739723265171051, 0.8624998331069946, 0.8155200481414795, 0.8548447489738464, 0.867652952671051, 0.6774926781654358, 0.7164862751960754, 0.8293677568435669, 0.8516362905502319, 0.7045568227767944, 0.879780650138855, 0.569770097732544, 0.7682498097419739, 0.7958051562309265, 0.6314282417297363, 0.6938489675521851, 0.7803732752799988, 0.8166454434394836, 0.5179972648620605, 0.8758185505867004, 0.7298582792282104, 0.581166684627533, 0.6910845637321472, 0.6256043910980225, 0.5655274987220764, 0.714028000831604, 0.8678731322288513, 0.6784307956695557, 0.6090766787528992, 0.8643990159034729, 0.8130014538764954, 0.7089115977287292, 0.7869729995727539, 0.8298107981681824, 0.8695290088653564, 0.6819855570793152, 0.8348588347434998, 0.6965765953063965, 0.5145445466041565, 0.8915215134620667, 0.8795406818389893, 0.8406034111976624, 0.8706268668174744, 0.6160197257995605, 0.6907848715782166, 0.865744411945343, 0.9384444355964661, 0.7086367011070251, 0.8483705520629883, 0.7530131936073303, 0.6892048716545105, 0.8860692977905273, 0.7167884707450867, 0.779865562915802, 0.8774360418319702, 0.5039301514625549, 0.9442131519317627, 0.6073676943778992, 0.855289876461029, 0.821712076663971, 0.7101771235466003, 0.7225571870803833, 0.6553727388381958, 0.8142791390419006, 0.7648776769638062, 0.6996840834617615, 0.5232141017913818, 0.7095005512237549, 0.6005890965461731, 0.8430005311965942, 0.6401569843292236, 0.8636427521705627, 0.8525561690330505, 0.9181278944015503, 0.6654750108718872, 0.8096218109130859, 0.8698514699935913, 0.6053336262702942, 0.6092323064804077, 0.5336781740188599, 0.6274857521057129, 0.8491880893707275, 0.871461808681488, 0.7532823085784912, 0.7678775191307068, 0.7845674157142639, 0.5665414333343506, 0.7107158303260803, 0.7226110696792603, 0.5242092609405518, 0.6621026992797852, 0.5966309905052185, 0.863405168056488, 0.8635297417640686, 0.8151522874832153, 0.7574283480644226, 0.851457417011261, 0.8522960543632507, 0.7582473158836365, 0.6148801445960999, 0.7930935025215149, 0.668910562992096, 0.8625603318214417, 0.5272302627563477, 0.8687092065811157, 0.8938310146331787, 0.8706794381141663, 0.5941311717033386, 0.5031118392944336, 0.5297611355781555, 0.7054302096366882, 0.8488075137138367, 0.6900254487991333, 0.7388835549354553, 0.7557682394981384, 0.8353439569473267, 0.7214300632476807, 0.832714319229126, 0.7817208170890808, 0.7663624882698059, 0.710793137550354, 0.5406106114387512, 0.8785684704780579, 0.8144503831863403, 0.9293006062507629, 0.8159877061843872, 0.6467642784118652, 0.6490257978439331, 0.8594653606414795, 0.7985044717788696, 0.8506988883018494, 0.6355305314064026, 0.8755873441696167, 0.8634501099586487, 0.5505786538124084, 0.5734466314315796, 0.8655557632446289, 0.8674831986427307, 0.8743326663970947, 0.7228431701660156, 0.7141035199165344, 0.8157309293746948, 0.8996238708496094, 0.9266947507858276, 0.8636645674705505, 0.5345625281333923, 0.8685333132743835, 0.7012696862220764, 0.8621241450309753, 0.6163139343261719, 0.8236156702041626, 0.8570335507392883, 0.8635236620903015, 0.8648331761360168, 0.5330349206924438, 0.7683359980583191, 0.7439420819282532, 0.5029815435409546, 0.550962507724762, 0.5199124813079834, 0.7188518047332764, 0.5118796825408936, 0.5245785713195801, 0.6595166325569153, 0.8361237049102783, 0.8727348446846008, 0.8420841097831726, 0.7859618067741394, 0.6415389776229858, 0.8758567571640015, 0.7941493391990662, 0.5924697518348694, 0.8683463931083679, 0.624029815196991, 0.825742244720459, 0.8606898188591003, 0.7697043418884277, 0.8720636367797852, 0.9386090636253357, 0.6029471755027771, 0.7092421650886536, 0.8139090538024902, 0.734268069267273, 0.8691449761390686, 0.6833845376968384, 0.8774927258491516, 0.5645753145217896, 0.9403666853904724, 