{"metrics": ["accuracy"], "train.score": {"loss": [0.6676168282267073, 0.5328484437835048, 0.40125204643733065], "accuracy": [0.6073943661971831, 0.7343016431924883, 0.8248239436619719]}, "val.score": {"loss": [0.6085424655013614, 0.4406560543510649, 0.35053665273719364], "accuracy": [0.6826388888888889, 0.7847222222222222, 0.8197916666666667]}, "n_epochs": 3, "stopped_epoch": 2, "monitor": "accuracy", "best_epoch": 2, "best_score": 0.8197916666666667, "best_chk": "../output/testexp.train_0.model_2.chk"}