{"metrics": ["accuracy"], "train.score": {"loss": [0.5249665993101457, 0.45940406006925244, 0.4081636667251587], "accuracy": [0.7333591331269349, 0.8038893188854489, 0.841234520123839]}, "val.score": {"loss": [0.45623388290405276, 0.3778509318828583, 0.3107192665338516], "accuracy": [0.8225, 0.86625, 0.9125]}, "n_epochs": 3, "stopped_epoch": 2, "monitor": "accuracy", "best_epoch": 2, "best_score": 0.9125, "best_chk": "../output/testexp.train.1.model_2.chk"}