{"metrics": ["accuracy"], "train.score": {"loss": [0.7132837597061606, 0.6472500737975625, 0.6420175327974207], "accuracy": [0.6130998452012384, 0.6627321981424149, 0.6645704334365325]}, "val.score": {"loss": [0.5992532968521118, 0.5842373251914978, 0.5656326234340667], "accuracy": [0.67875, 0.7, 0.74375]}, "n_epochs": 3, "stopped_epoch": 2, "monitor": "accuracy", "best_epoch": 2, "best_score": 0.74375, "best_chk": "../output/testexp.train_1.model_2.chk"}