{"metrics": ["accuracy"], "train.score": {"loss": [0.6140411899370306, 0.5843359319602742, 0.556394859271891], "accuracy": [0.663312693498452, 0.7050116099071208, 0.7203947368421053]}, "val.score": {"loss": [0.5464727222919464, 0.5229568004608154, 0.48854113817214967], "accuracy": [0.775, 0.76875, 0.81875]}, "n_epochs": 3, "stopped_epoch": 2, "monitor": "accuracy", "best_epoch": 2, "best_score": 0.81875, "best_chk": "../output/testexp.train_0.model_2.chk"}