{"score_map": {"accuracy": 0.5658225574712644}, "output_labels": [1, 0, 0, 0, 0, 0, 0, 1, 0, 0, 0, 1, 0, 0, 0, 0, 0, 0, 0, 0, 1, 0, 0, 0, 0, 0, 0, 0, 0, 1, 0, 0, 0, 0, 0, 0, 0, 1, 0, 0, 0, 0, 0, 0, 0, 0, 0, 0, 0, 0, 1, 0, 0, 0, 0, 0, 0, 0, 0, 0, 1, 0, 0, 0, 0, 0, 0, 0, 0, 0, 0, 0, 1, 0, 0, 0, 0, 0, 0, 0, 0, 0, 0, 0, 0, 1, 0, 1, 0, 0, 0, 0, 0, 0, 0, 0, 0, 0, 1, 0, 0, 0, 0, 0, 0, 1, 0, 0, 0, 0, 0, 0, 0, 0, 0, 0, 0, 0, 0, 0, 0, 0, 0, 0, 0, 0, 0, 0, 1, 0, 0, 0, 0, 0, 0, 0, 0, 0, 1, 0, 1, 1, 0, 0, 0, 0, 0, 0, 0, 0, 0, 0, 0, 0, 0, 0, 1, 0, 0, 0, 0, 0, 1, 0, 0, 0, 0, 0, 0, 0, 0, 0, 0, 0, 0, 0, 0, 0, 0, 0, 0, 1, 0, 0, 0, 1, 1, 0, 0, 0, 0, 1, 0, 0, 0, 1, 0, 1, 0, 0, 1, 1, 0, 0, 0, 0, 0, 0, 0, 0, 0, 1, 0, 0, 0, 0, 0, 0, 0, 0, 0, 1, 0, 0, 0, 0, 0, 0, 0, 0, 0, 0, 0, 0, 1, 1, 0, 1, 1, 1, 0, 0, 0, 0, 0, 1, 0, 0, 0, 0, 0, 0, 0, 0, 0, 0, 1, 0, 0, 0, 0, 0, 0, 0, 0, 0, 0, 0, 1, 0, 1, 0, 0, 0, 0, 0, 0, 0, 0, 0, 0, 0, 1, 0, 0, 0, 1, 0, 1, 0, 0, 0, 0, 0, 1, 0, 0, 0, 1, 0, 0, 0, 1, 0, 0, 0, 0, 0, 1, 0, 0, 0, 0, 0, 0, 0, 0, 0, 0, 0, 0, 0, 0, 1, 0, 0, 0, 0, 1, 0, 0, 0, 0, 1, 0, 0, 0, 0, 0, 0, 0, 0, 1, 0, 0, 0, 0, 1, 0, 0, 0, 0, 0, 0, 0, 0, 0, 0, 0, 0, 0, 1, 1, 1, 0, 0, 0, 0, 1, 0, 1, 0, 0, 0, 0, 0, 1, 0, 0, 1, 0, 0, 0, 0, 0, 0, 0, 0, 0, 0, 0, 0, 0, 0, 0, 0, 0, 0, 0, 0, 0, 1, 0, 0, 1, 0, 0, 0, 0, 0, 0, 0, 0, 0, 0, 0, 0, 0, 0, 0, 1, 0, 1, 0, 0, 0, 1, 0, 0, 0, 0, 1, 0, 0, 0, 0, 0, 0, 0, 0, 0, 0, 0, 0, 0, 1, 1, 0, 0, 0, 0, 0, 0, 0, 0, 0, 0, 1, 0, 0, 1, 0, 0, 0, 1, 1, 1, 0, 0, 1, 0, 0, 0, 0, 0, 0, 0, 0, 1, 0, 0, 0, 0, 0, 0, 0, 0, 0, 0, 0, 0, 0, 0, 0, 0, 0, 0, 0, 0, 0, 0, 0, 0, 0, 1, 0, 1, 0, 1, 0, 0, 0, 0, 0, 0, 0, 0, 0, 0, 0, 0, 1, 0, 0, 0, 0, 0, 0, 1, 0, 0, 0, 0, 1, 0, 1, 1, 0, 0, 0, 0, 0, 0, 0, 0, 0, 0, 0, 0, 0, 0, 0, 1, 0, 0, 0, 0, 0, 0, 0, 0, 0, 0, 0, 0, 0, 0, 0, 0, 0, 0, 0, 0, 0, 0, 0, 0, 0, 0, 0, 0, 0, 0, 0, 0, 0, 0, 0, 0, 0, 1, 0, 0, 0, 0, 0, 0, 0, 0, 0, 0, 0, 0, 0, 0, 0, 0, 1, 1, 0, 0, 0, 0, 0, 1, 0, 0, 1, 0, 0, 0, 0, 1, 0, 0, 0, 0, 0, 0, 0, 0, 0, 1, 0, 0, 0, 0, 0, 0, 0, 0, 1, 0, 1, 0, 0, 0, 0, 0, 0, 0, 0, 0, 0, 0, 0, 0, 0, 0, 1, 0, 0, 0, 0, 0, 0, 0, 0, 0, 1, 0, 0, 0, 0, 0, 0, 0, 0, 0, 0, 1, 0, 0, 0, 1, 0, 0, 0, 0, 0, 1, 0, 0, 0, 0, 1, 0, 0, 0, 0, 1, 1, 0, 0, 0, 0, 0, 0, 0, 0, 1, 0, 0, 0, 0, 0, 0, 0, 0, 0, 0, 0, 0, 0, 0, 0, 0, 0, 0, 0, 0, 0, 0, 0, 0, 0, 0, 0, 1, 0, 0, 0, 0, 0, 0, 0, 0, 0, 0, 0, 0, 0, 0, 0, 0, 0, 0, 0, 1, 0, 0, 0, 0, 0, 0], "output_probs": [0.9629693627357483, 0.8460383415222168, 0.9960987567901611, 0.9968261122703552, 0.9953803420066833, 0.5137415528297424, 0.9947448372840881, 0.9006569385528564, 0.9907657504081726, 0.9944319725036621, 0.9654480218887329, 0.8293895125389099, 0.9870880246162415, 0.9967799782752991, 0.9956346154212952, 0.9868191480636597, 0.9949645400047302, 0.990472137928009, 0.8971765637397766, 0.9901537299156189, 0.9943168759346008, 0.9961864352226257, 0.9967105388641357, 0.9966415166854858, 0.9009647965431213, 0.9537640810012817, 0.996265709400177, 0.994629442691803, 0.9768418669700623, 0.9294772744178772, 0.858663022518158, 0.996243953704834, 0.9662286043167114, 0.9751689434051514, 0.9933267831802368, 0.9921177625656128, 0.8716464638710022, 0.9073359370231628, 0.9956730008125305, 0.7570949792861938, 0.9713358283042908, 0.9930412173271179, 0.9930585622787476, 0.9956331849098206, 0.9583480358123779, 0.9886593222618103, 0.9387881755828857, 0.9964146614074707, 0.9965301752090454, 0.9882497191429138, 0.828294038772583, 0.9900239109992981, 0.9303011298179626, 0.9939476251602173, 0.9967528581619263, 0.9194284677505493, 0.9961581230163574, 0.9953736066818237, 0.9967002868652344, 0.9873541593551636, 0.6505970358848572, 0.9686489701271057, 0.9772316813468933, 0.914668619632721, 0.6208803653717041, 0.9966076612472534, 0.9962652921676636, 0.96918785572052, 0.8172825574874878, 0.9772779941558838, 0.9929449558258057, 0.9925107359886169, 0.7913963198661804, 0.996947705745697, 0.9957127571105957, 0.9921340346336365, 0.9265745282173157, 0.9955917596817017, 0.985004723072052, 0.9961130619049072, 0.9897875785827637, 0.9548557996749878, 0.9933758974075317, 0.9949403405189514, 0.9910115003585815, 0.8467527031898499, 0.9943975210189819, 0.9417946934700012, 0.9337344169616699, 0.9964439272880554, 0.8942959904670715, 0.97188401222229, 0.9964280128479004, 0.9740980267524719, 0.9929386973381042, 0.5877810716629028, 0.580966591835022, 0.8385201096534729, 0.9132517576217651, 0.9964039325714111, 0.9963198304176331, 0.9688993692398071, 0.9955247640609741, 0.9959650039672852, 0.9952033758163452, 0.5712318420410156, 0.9967185258865356, 0.8688243627548218, 0.9739907383918762, 0.9236660599708557, 0.9777098894119263, 0.9154659509658813, 0.6984385251998901, 0.8163621425628662, 0.9596258401870728, 0.8247962594032288, 0.9958199858665466, 0.9964340329170227, 0.996427595615387, 0.9927502274513245, 0.9967038035392761, 0.9431930780410767, 0.9951230883598328, 0.9919820427894592, 0.9558001756668091, 0.9967247843742371, 0.8920934796333313, 0.9961796402931213, 0.8175013661384583, 0.9906789660453796, 0.9963980913162231, 0.9137692451477051, 0.9763190150260925, 0.6678854823112488, 0.8954206109046936, 0.9957348704338074, 0.9879549145698547, 0.8722344636917114, 0.9183124899864197, 0.996259868144989, 0.8353565335273743, 0.601141095161438, 0.9959739446640015, 0.9950629472732544, 0.9967137575149536, 0.9968303442001343, 0.996602475643158, 0.9963743686676025, 0.9941420555114746, 0.9960514903068542, 0.8104965686798096, 0.5608577132225037, 0.9857426285743713, 0.9796653985977173, 0.6299706697463989, 0.8230348825454712, 0.9465455412864685, 0.6592128276824951, 0.9485203623771667, 0.9791762232780457, 0.8146747350692749, 0.9858373999595642, 0.9024418592453003, 0.9935483336448669, 0.9965594410896301, 0.955349326133728, 0.98860102891922, 0.9841042757034302, 0.8930688500404358, 0.9886189103126526, 0.9737334251403809, 0.8956872820854187, 0.995998740196228, 0.858231246471405, 0.9951761960983276, 0.7218887805938721, 0.8320898413658142, 0.8500891923904419, 0.9935097098350525, 0.9942347407341003, 0.9967164993286133, 0.9905477166175842, 0.9735462069511414, 0.9813098311424255, 0.996321976184845, 0.986770749092102, 0.5652672052383423, 0.9831379055976868, 0.9943229556083679, 0.9957587718963623, 0.988956868648529, 0.9723318219184875, 0.9868704676628113, 0.9954191446304321, 0.9887893795967102, 0.5172767043113708, 0.7373078465461731, 0.844688355922699, 0.9967494010925293, 0.5704177021980286, 0.7105501294136047, 0.7674196362495422, 0.990943431854248, 0.9968809485435486, 0.6398204565048218, 0.5132274031639099, 0.8995851278305054, 0.9943625330924988, 0.9960179328918457, 0.996087372303009, 0.8756903409957886, 0.9573754072189331, 0.847104549407959, 0.995867133140564, 0.8996109962463379, 0.9965537786483765, 0.9436253309249878, 0.9919549822807312, 0.9968088269233704, 0.9915713667869568, 0.9966864585876465, 0.7388127446174622, 0.9951577186584473, 0.9965960383415222, 0.9957382082939148, 0.9373024106025696, 0.9945823550224304, 0.9903929233551025, 0.9901062250137329, 0.9962964653968811, 0.9951956272125244, 0.9968358874320984, 0.963958740234375, 0.9969095587730408, 0.9862149953842163, 0.9949496984481812, 0.9965982437133789, 0.9656757116317749, 0.9798858165740967, 0.7546717524528503, 0.8165706396102905, 0.9040886759757996, 0.9958158135414124, 0.5514636635780334, 0.9917666912078857, 0.9709458947181702, 0.9723196029663086, 0.9955982565879822, 0.9875593781471252, 0.9871083498001099, 0.9927510619163513, 0.9923425316810608, 0.7880479693412781, 0.9940910935401917, 0.9947332143783569, 0.994431734085083, 0.8078824877738953, 0.9872873425483704, 0.99578458070755, 0.7614312171936035, 0.996575117111206, 0.8714491724967957, 0.989525556564331, 0.9886228442192078, 0.9937637448310852, 0.9933473467826843, 0.9936710000038147, 0.9961743354797363, 0.9781814813613892, 0.9953491687774658, 0.9331287741661072, 0.9946279525756836, 0.8334674835205078, 0.9783903360366821, 0.9966913461685181, 0.9933664798736572, 0.9962727427482605, 0.9947854280471802, 0.9843595027923584, 0.9964846968650818, 0.9965354204177856, 0.9966627955436707, 0.959312915802002,