{"metrics": ["accuracy"], "train.score": {"loss": [0.22244310179646587, 0.1907533876283068, 0.1748253887807819], "accuracy": [0.8946596244131456, 0.9162265258215961, 0.9216549295774648]}, "val.score": {"loss": [0.19035734691553646, 0.17750827968120575, 0.164981289456288], "accuracy": [0.9312499999999999, 0.9399305555555555, 0.9381944444444444]}, "n_epochs": 3, "stopped_epoch": 2, "monitor": "accuracy", "best_epoch": 1, "best_score": 0.9399305555555555, "best_chk": "../output/testexp.train_1.model_1.chk"}