{"metrics": ["accuracy"], "train.score": {"loss": [0.6348602112749933, 0.4844295346820858, 0.33552224325462127], "accuracy": [0.6474471830985915, 0.7708333333333333, 0.8601819248826291]}, "val.score": {"loss": [0.6323822240034739, 0.436885298954116, 0.2991160245405303], "accuracy": [0.6253472222222222, 0.8083333333333333, 0.8631944444444444]}, "n_epochs": 3, "stopped_epoch": 2, "monitor": "accuracy", "best_epoch": 2, "best_score": 0.8631944444444444, "best_chk": "../output/testexp.train_0.model_2.chk"}