{"score_map": {"accuracy": 0.7632453304597702, "f1": 0.7465001644049987}, "output_labels": [1, 1, 1, 1, 0, 0, 0, 0, 0, 0, 0, 1, 1, 1, 1, 0, 1, 0, 1, 1, 0, 0, 1, 0, 0, 0, 1, 0, 0, 0, 0, 1, 1, 0, 1, 1, 0, 0, 0, 0, 0, 1, 0, 1, 1, 1, 1, 0, 0, 0, 0, 0, 0, 0, 0, 1, 1, 1, 0, 0, 0, 0, 1, 1, 1, 0, 0, 1, 0, 1, 0, 1, 0, 1, 0, 0, 0, 1, 0, 1, 1, 1, 0, 1, 1, 0, 1, 0, 0, 0, 1, 1, 0, 0, 1, 1, 1, 0, 0, 1, 0, 0, 1, 0, 1, 0, 0, 1, 1, 0, 0, 1, 1, 0, 0, 1, 0, 0, 0, 1, 0, 0, 1, 0, 1, 0, 0, 1, 1, 0, 0, 0, 1, 1, 0, 1, 0, 1, 1, 0, 0, 0, 1, 1, 0, 1, 0, 0, 0, 1, 0, 1, 0, 1, 1, 1, 1, 1, 1, 0, 0, 0, 0, 1, 1, 0, 0, 1, 0, 0, 0, 1, 0, 0, 1, 1, 1, 0, 0, 0, 1, 0, 1, 0, 0, 0, 1, 0, 1, 0, 0, 0, 1, 1, 0, 0, 1, 0, 1, 0, 0, 0, 1, 0, 1, 0, 1, 0, 0, 0, 0, 0, 0, 0, 1, 0, 1, 0, 1, 1, 0, 1, 1, 1, 1, 1, 0, 1, 1, 0, 0, 0, 1, 0, 1, 1, 0, 1, 0, 1, 0, 1, 0, 1, 1, 1, 1, 1, 0, 1, 0, 1, 1, 1, 0, 0, 1, 0, 1, 1, 0, 0, 1, 1, 0, 0, 0, 0, 1, 0, 1, 1, 0, 1, 0, 1, 0, 1, 1, 0, 0, 0, 1, 0, 0, 0, 1, 1, 0, 1, 0, 1, 1, 0, 0, 1, 1, 1, 0, 0, 0, 0, 0, 1, 0, 0, 0, 0, 1, 0, 0, 1, 0, 0, 0, 0, 1, 0, 0, 1, 0, 1, 0, 1, 1, 0, 1, 1, 1, 1, 1, 1, 0, 1, 0, 0, 0, 0, 1, 1, 0, 0, 1, 0, 0, 1, 1, 1, 1, 1, 1, 1, 0, 0, 0, 0, 0, 0, 0, 1, 1, 1, 1, 1, 0, 0, 1, 1, 0, 1, 0, 1, 0, 0, 0, 1, 0, 0, 0, 1, 0, 1, 0, 1, 0, 1, 1, 1, 1, 0, 1, 1, 1, 0, 0, 0, 1, 0, 0, 1, 0, 0, 1, 1, 0, 1, 1, 0, 1, 0, 0, 0, 1, 0, 1, 0, 1, 1, 0, 0, 0, 0, 0, 1, 0, 1, 0, 0, 1, 1, 1, 1, 1, 0, 0, 0, 0, 0, 0, 1, 0, 0, 0, 0, 1, 1, 1, 0, 0, 0, 1, 0, 1, 1, 0, 1, 0, 0, 1, 1, 1, 0, 1, 1, 0, 0, 1, 0, 0, 1, 1, 0, 0, 0, 0, 1, 0, 1, 1, 1, 1, 1, 1, 0, 1, 1, 1, 0, 1, 0, 0, 1, 1, 0, 1, 0, 1, 1, 0, 1, 1, 1, 1, 1, 1, 1, 0, 0, 0, 1, 0, 0, 1, 1, 0, 1, 0, 0, 1, 0, 0, 1, 1, 1, 1, 0, 1, 0, 0, 0, 1, 1, 1, 0, 1, 0, 1, 0, 1, 1, 0, 0, 0, 0, 0, 1, 0, 0, 1, 1, 1, 0, 1, 0, 1, 0, 0, 0, 1, 0, 1, 1, 1, 0, 1, 0, 0, 1, 1, 0, 0, 0, 1, 1, 1, 0, 0, 0, 0, 1, 0, 1, 1, 1, 1, 0, 0, 0, 1, 0, 0, 0, 0, 1, 0, 0, 1, 1, 0, 1, 1, 1, 1, 0, 1, 1, 0, 1, 0, 0, 0, 1, 1, 1, 0, 0, 1, 0, 0, 1, 0, 1, 0, 1, 1, 0, 0, 1, 1, 0, 0, 1, 0, 1, 0, 1, 1, 0, 0, 1, 0, 0, 1, 1, 1, 0, 0, 1, 1, 0, 1, 0, 0, 0, 1, 1, 1, 1, 1, 0, 1, 1, 0, 0, 1, 0, 0, 1, 1, 1, 0, 1, 1, 0, 0, 0, 0, 1, 0, 0, 0, 0, 1, 0, 0, 0, 1, 1, 0, 1, 1, 0, 0, 0, 0, 0, 1, 0, 1, 0, 1, 1, 0, 0, 0, 0, 0, 0, 0, 1, 1, 1, 1, 0, 0, 0, 1, 0, 1, 1, 0, 0, 1, 1, 1, 1, 1, 0, 0, 0, 1, 0, 1, 0, 1, 0, 1, 1, 1, 1, 0, 0, 0, 0, 1, 0, 0, 1, 1, 1, 1, 0, 0, 1, 1, 1, 1, 0, 0, 1, 0, 1, 0, 0, 1], "output_probs": [0.8703160285949707, 0.831885039806366, 0.6976317167282104, 0.8657332062721252, 0.7680136561393738, 0.9447624683380127, 0.5873809456825256, 0.8414582014083862, 0.7983737587928772, 0.7264302968978882, 0.7825295329093933, 0.8838856220245361, 0.8656445741653442, 0.8735801577568054, 0.7792804837226868, 0.6116704344749451, 0.7783197164535522, 0.7741747498512268, 0.738910436630249, 0.5430579781532288, 0.8396103382110596, 0.6754885911941528, 0.7439320683479309, 0.7006458044052124, 0.7403202652931213, 0.6524666547775269, 0.86658775806427, 0.823661744594574, 0.7725910544395447, 0.777009904384613, 0.7620006799697876, 0.8655557632446289, 0.8651896119117737, 0.7853772044181824, 0.8750618100166321, 0.862511932849884, 0.847808837890625, 0.7800379395484924, 0.6063770651817322, 0.7068836092948914, 0.8023757934570312, 0.8710517287254333, 0.792406439781189, 0.8402502536773682, 0.8738388419151306, 0.684952974319458, 0.506349503993988, 0.8096378445625305, 0.7388788461685181, 0.8422927856445312, 0.7874038219451904, 0.7061180472373962, 0.9328329563140869, 0.8264954090118408, 0.8375709652900696, 0.7253867387771606, 0.7719182968139648, 0.8611354827880859, 0.8627716898918152, 0.6691699624061584, 0.7287589907646179, 0.6581528186798096, 0.8698908090591431, 0.8600581884384155, 0.8279685378074646, 0.5233198404312134, 0.9442131519317627, 0.5514342784881592, 0.696298360824585, 0.6833226680755615, 0.6366532444953918, 0.5262793302536011, 0.7594084739685059, 0.5889036655426025, 0.9389282464981079, 0.9432739019393921, 0.5242092609405518, 0.5654308795928955, 0.5723952651023865, 0.8782686591148376, 0.6944330930709839, 0.854532778263092, 0.8315573334693909, 0.8362247943878174, 0.8634706139564514, 0.6491550803184509, 0.8525419235229492, 0.6726238131523132, 0.5845324397087097, 0.6171329617500305, 0.8636602759361267, 0.606479287147522, 0.8385702967643738, 0.6188817024230957, 0.5226258039474487, 0.6035857796669006, 0.7045568227767944, 0.8268415331840515, 0.8712995648384094, 0.7899805307388306, 0.6642501950263977, 0.8008587956428528, 0.5747218728065491, 0.581166684627533, 0.7651975750923157, 0.7125499844551086, 0.9478129148483276, 0.8602505922317505, 0.8653072118759155, 0.9402000308036804, 0.6077244877815247, 0.7192229628562927, 0.8634157776832581, 0.5186820030212402, 0.7663624882698059, 0.511120080947876, 0.7592401504516602, 0.7867920994758606, 0.5711380243301392, 0.5257648825645447, 0.5290915369987488, 0.6590136289596558, 0.8398078680038452, 0.9279719591140747, 0.863405168056488, 0.6219742298126221, 0.6088994145393372, 0.878052294254303, 0.7475244402885437, 0.9420632719993591, 0.8254287838935852, 0.7947405576705933, 0.849180281162262, 0.8755993843078613, 0.635904848575592, 0.8302303552627563, 0.6860826015472412, 0.5231481790542603, 0.8575949668884277, 0.6317352056503296, 0.8269078731536865, 0.816848635673523, 0.7297587990760803, 0.715873122215271, 0.9032275080680847, 0.8733386397361755, 0.7364410758018494, 0.6423700451850891, 0.5553812384605408, 0.5685599446296692, 0.8055998682975769, 0.8728323578834534, 0.5903110504150391, 0.5466465950012207, 0.6230242848396301, 0.786379873752594, 0.8483296036720276, 0.8592231869697571, 0.8824419975280762, 0.7977017760276794, 0.8663802742958069, 0.771563708782196, 0.6629990339279175, 0.53536057472229, 0.8551207184791565, 0.5738519430160522, 0.848757266998291, 0.5453180074691772, 0.7122955918312073, 0.6704877614974976, 0.7834043502807617, 0.8674762845039368, 0.6403664946556091, 0.7048758864402771, 0.5471369028091431, 0.8733161687850952, 0.7142226696014404, 0.7950929999351501, 0.7009984850883484, 0.6492206454277039, 0.5400912761688232, 0.943237841129303, 0.7783187627792358, 0.7892478108406067, 0.6152399182319641, 0.5999170541763306, 0.8265796899795532, 0.7733641862869263, 0.8575509786605835, 0.7055463194847107, 0.5623628497123718, 0.6921126246452332, 0.8385531902313232, 0.8670198321342468, 0.8263735771179199, 0.8038066029548645, 0.8738737106323242, 0.8301360607147217, 0.5235034823417664, 0.6781784892082214, 0.8022394776344299, 0.7554442286491394, 0.5018079280853271, 0.6979416608810425, 0.8676710724830627, 0.6139429211616516, 0.8423041105270386, 0.7813392281532288, 0.8645371794700623, 0.9347731471061707, 0.9189308285713196, 0.8279600143432617, 0.7057356238365173, 0.7738926410675049, 0.8590057492256165, 0.8167387247085571, 0.7755452990531921, 0.9453429579734802, 0.8199023008346558, 0.7659974098205566, 0.5734466314315796, 0.6951988935470581, 0.8695022463798523, 0.7746370434761047, 0.5738618969917297, 0.6975254416465759, 0.6742062568664551, 0.5496106147766113, 0.859364926815033, 0.8717403411865234, 0.8443424701690674, 0.7025890350341797, 0.714164674282074, 0.7777061462402344, 0.831524133682251, 0.6636651754379272, 0.5234105587005615, 0.6297781467437744, 0.728737473487854, 0.8748291730880737, 0.6738467216491699, 0.8052101731300354, 0.5732555985450745, 0.7941493391990662, 0.5382811427116394, 0.5216339826583862, 0.5791160464286804, 0.8582354784011841, 0.8261514902114868, 0.8738298416137695, 0.7762112021446228, 0.617572009563446, 0.7074410319328308, 0.7781839966773987, 0.5958255529403687, 0.6377134323120117, 0.8769971132278442, 0.778410017490387, 0.6653320789337158, 0.7969312071800232, 0.5269230008125305, 0.7580553889274597, 0.8497905731201172, 0.8175508379936218, 0.5106721520423889, 0.8760738968849182, 0.6384702324867249, 0.7453503608703613, 0.8731379508972168, 0.6417289972305298, 0.575238049030304, 0.817550778388977, 0.9439058899879456, 0.8615190982818604, 0.7071532011032104, 0.8751658201217651, 0.826524555683136, 0.7406069040298462, 0.8493537306785583, 0.9499735236167908, 0.7415571808815002, 