{"score_map": {"accuracy": 0.6648257902298851, "f1": 0.6309048577629494}, "output_labels": [0, 0, 0, 1, 0, 0, 1, 1, 1, 0, 1, 0, 0, 0, 1, 0, 1, 1, 0, 1, 0, 0, 1, 0, 1, 0, 0, 1, 0, 0, 0, 1, 0, 1, 1, 1, 0, 0, 1, 1, 0, 1, 1, 0, 0, 1, 0, 0, 0, 1, 1, 1, 1, 1, 0, 1, 0, 0, 0, 0, 1, 0, 1, 1, 1, 1, 1, 0, 0, 0, 0, 1, 1, 0, 0, 1, 0, 1, 1, 0, 0, 0, 0, 0, 1, 1, 0, 0, 0, 0, 0, 0, 1, 0, 0, 0, 0, 1, 1, 0, 0, 1, 0, 0, 0, 0, 0, 1, 0, 1, 0, 0, 0, 1, 0, 0, 0, 0, 0, 0, 0, 1, 1, 0, 1, 0, 0, 0, 0, 0, 1, 1, 0, 1, 0, 1, 1, 1, 0, 0, 1, 1, 0, 1, 0, 0, 1, 1, 1, 0, 0, 0, 0, 1, 1, 1, 0, 1, 0, 0, 1, 1, 0, 0, 0, 1, 1, 0, 0, 1, 0, 1, 1, 0, 1, 1, 1, 0, 1, 0, 0, 0, 0, 1, 1, 1, 1, 0, 0, 1, 1, 1, 0, 1, 1, 0, 0, 0, 0, 1, 0, 1, 0, 0, 0, 0, 0, 0, 0, 0, 0, 1, 0, 1, 0, 0, 1, 1, 1, 1, 1, 0, 0, 0, 1, 1, 1, 0, 1, 1, 0, 0, 0, 1, 1, 0, 0, 0, 0, 1, 0, 1, 1, 1, 1, 1, 1, 0, 0, 0, 0, 0, 0, 1, 1, 0, 1, 1, 1, 0, 0, 1, 0, 1, 1, 0, 0, 1, 0, 1, 1, 0, 1, 0, 1, 1, 0, 0, 1, 1, 0, 0, 0, 1, 1, 0, 0, 0, 1, 1, 0, 0, 1, 0, 1, 1, 0, 0, 1, 1, 1, 1, 0, 0, 1, 1, 1, 1, 0, 0, 0, 1, 1, 0, 0, 1, 1, 0, 1, 0, 0, 0, 1, 1, 1, 1, 0, 0, 1, 0, 0, 0, 0, 1, 0, 1, 0, 1, 0, 1, 1, 0, 0, 0, 0, 1, 1, 0, 1, 1, 1, 0, 1, 1, 0, 1, 1, 0, 1, 0, 0, 0, 1, 1, 1, 0, 1, 1, 0, 1, 0, 0, 1, 1, 1, 1, 0, 0, 0, 0, 0, 0, 0, 1, 0, 1, 0, 1, 1, 1, 0, 1, 1, 1, 0, 1, 0, 1, 0, 0, 1, 1, 0, 0, 1, 1, 0, 1, 1, 0, 1, 0, 1, 1, 1, 1, 0, 0, 0, 0, 1, 0, 0, 1, 1, 0, 1, 1, 0, 1, 0, 1, 0, 1, 1, 1, 0, 1, 0, 0, 1, 0, 0, 1, 1, 0, 1, 0, 1, 0, 1, 0, 0, 0, 0, 0, 1, 0, 0, 1, 1, 0, 0, 0, 1, 1, 0, 1, 1, 0, 0, 1, 0, 1, 0, 0, 0, 1, 1, 1, 0, 0, 1, 1, 1, 0, 1, 0, 1, 0, 0, 0, 0, 0, 0, 0, 1, 1, 0, 0, 0, 1, 1, 0, 0, 0, 1, 1, 0, 0, 1, 0, 1, 0, 1, 0, 0, 0, 1, 1, 0, 0, 0, 0, 1, 0, 0, 0, 0, 1, 0, 1, 0, 0, 1, 0, 1, 0, 0, 1, 1, 0, 0, 1, 0, 0, 0, 0, 1, 1, 0, 0, 1, 1, 1, 0, 0, 0, 1, 1, 1, 0, 0, 1, 1, 1, 1, 0, 1, 0, 0, 1, 1, 0, 0, 1, 0, 1, 0, 1, 0, 0, 1, 1, 0, 0, 0, 1, 1, 1, 1, 0, 1, 0, 1, 1, 0, 1, 0, 1, 1, 1, 0, 1, 1, 0, 1, 0, 1, 0, 0, 0, 1, 1, 0, 0, 1, 1, 0, 1, 0, 0, 0, 0, 1, 1, 1, 0, 1, 1, 1, 0, 0, 1, 0, 1, 1, 1, 1, 1, 1, 0, 0, 1, 0, 0, 1, 0, 0, 0, 0, 0, 1, 0, 0, 0, 1, 1, 0, 0, 1, 0, 0, 1, 0, 1, 0, 0, 0, 0, 0, 0, 1, 0, 1, 0, 0, 0, 0, 0, 0, 0, 1, 1, 1, 1, 0, 0, 0, 0, 0, 1, 0, 0, 1, 0, 0, 0, 0, 1, 0, 1, 0, 1, 0, 0, 1, 0, 0, 1, 0, 1, 1, 1, 0, 1, 0, 1, 1, 1, 1, 1, 1, 1, 1, 0, 0, 1, 0, 1, 1, 0, 0, 1, 0, 0, 0, 0, 1, 1, 0, 1, 0, 0, 0, 1, 1, 1, 1, 0, 1, 0, 1, 0, 1, 0, 1, 0, 1, 0, 1, 0, 0, 1, 1], "output_probs": [0.5991023778915405, 0.669204592704773, 0.6633888483047485, 0.6450238823890686, 0.6750471591949463, 0.569823145866394, 0.6428142786026001, 0.7608499526977539, 0.6056452989578247, 0.7074387073516846, 0.7101132273674011, 0.5624316930770874, 0.6619892120361328, 0.5066627264022827, 0.7641449570655823, 0.643666684627533, 0.7558371424674988, 0.6567091345787048, 0.5035723447799683, 0.6787216663360596, 0.5933424234390259, 0.617720901966095, 0.6080005168914795, 0.6818130612373352, 0.7408437728881836, 0.6080242395401001, 0.653087854385376, 0.7326616048812866, 0.580329418182373, 0.735708475112915, 0.6666579246520996, 0.6598067879676819, 0.6168326735496521, 0.6979659199714661, 0.7679494023323059, 0.6336520314216614, 0.657577633857727, 0.5352164506912231, 0.6846761107444763, 0.5461822748184204, 0.6349833011627197, 0.5436933040618896, 0.7874298691749573, 0.6753794550895691, 0.6157006025314331, 0.6828275322914124, 0.5429606437683105, 0.6009986400604248, 0.5805781483650208, 0.7620875239372253, 0.6331793665885925, 0.7558987736701965, 0.6789876222610474, 0.7262872457504272, 0.6235987544059753, 0.7969241142272949, 0.5492338538169861, 0.6097338795661926, 0.5066291093826294, 0.543965756893158, 0.5160609483718872, 0.6239965558052063, 0.7675495743751526, 0.5840972065925598, 0.7064130902290344, 0.5123287439346313, 0.7533800601959229, 0.6713078618049622, 0.7210361957550049, 0.5376458168029785, 0.5671217441558838, 0.7414030432701111, 0.7159903645515442, 0.6281755566596985, 0.6389437913894653, 0.7602487802505493, 0.6216387748718262, 0.7534016370773315, 0.5369760990142822, 0.702120304107666, 0.5177094340324402, 0.664709746837616, 0.6043148040771484, 0.6534528136253357, 0.7523490190505981, 0.6936458945274353, 0.6806751489639282, 0.6446418762207031, 0.6520535945892334, 0.6448485851287842, 0.6500967741012573, 0.5862617492675781, 0.7783902883529663, 0.653800904750824, 0.6461988687515259, 0.545715868473053, 0.5509336590766907, 0.5867277979850769, 0.5219338536262512, 0.6578615307807922, 0.6225717067718506, 0.645854115486145, 0.644271969795227, 0.6309568285942078, 0.6711537837982178, 0.6323409676551819, 0.5413234829902649, 0.7412881851196289, 0.5204824209213257, 0.6708276271820068, 0.5839816331863403, 0.5304589867591858, 0.5083897709846497, 0.7629903554916382, 0.5784118175506592, 0.6692267060279846, 0.6614660620689392, 0.7146542072296143, 0.529374361038208, 0.5198550224304199, 0.6467302441596985, 0.7445791959762573, 0.6061092019081116, 0.5284570455551147, 0.7811034917831421, 0.767941951751709, 0.6467853784561157, 0.637267529964447, 0.6575855612754822, 0.6504393815994263, 0.581092357635498, 0.6878479719161987, 0.6243860125541687, 0.7380331754684448, 0.5296959280967712, 0.6382856369018555, 0.7067066431045532, 0.5422847867012024, 0.6136617660522461, 0.597050130367279, 0.5262266993522644, 0.5353822112083435, 0.5968256592750549, 0.7070062756538391, 0.6576624512672424, 0.6462790369987488, 0.7127740383148193, 0.6882604360580444, 0.7099114656448364, 0.5530871152877808, 0.6447768211364746, 0.54776531457901, 0.5319389700889587, 0.7233678698539734, 0.8009805679321289, 0.6413469910621643, 0.7362565398216248, 0.7574493885040283, 0.6407785415649414, 0.7531853318214417, 0.7212962508201599, 0.6825857162475586, 0.6055443286895752, 0.6238632202148438, 0.6413878798484802, 0.6365232467651367, 0.7885491251945496, 0.5259000062942505, 0.7019734382629395, 0.7473734617233276, 0.7545098662376404, 0.7684317231178284, 0.7432922124862671, 0.5706604719161987, 0.7671621441841125, 0.7263519763946533, 0.5134696960449219, 0.5342859625816345, 0.7967929840087891, 0.5737965703010559, 0.578571617603302, 0.7373545169830322, 0.643245279788971, 0.6080414652824402, 0.8139207363128662, 0.7228805422782898, 0.7610299587249756, 0.5971102118492126, 0.672496497631073, 0.6297581195831299, 0.7738773822784424, 0.6955128312110901, 0.6637614965438843, 0.6356032490730286, 0.7378147840499878, 0.643094003200531, 0.6048846244812012, 0.5449835062026978, 0.582633912563324, 0.7313333749771118, 0.6890150904655457, 0.6024996042251587, 0.7073230743408203, 0.6679773330688477, 0.5910612940788269, 0.5829344391822815, 0.678601861000061, 0.7642349600791931, 0.6636462211608887, 0.5253163576126099, 0.6561028361320496, 0.7936948537826538, 0.6484620571136475, 0.7233613133430481, 0.6081703901290894, 0.6074473857879639, 0.5367022156715393, 0.5644178986549377, 0.5799087882041931, 0.6557173728942871, 0.5017566680908203, 0.6232773065567017, 0.6066571474075317, 0.6954247951507568, 0.738799512386322, 0.746012806892395, 0.7442026734352112, 0.6336719989776611, 0.7438339591026306, 0.7204667925834656, 0.6582585573196411, 0.5783036947250366, 0.5743019580841064, 0.5334044694900513, 0.6887270212173462, 0.6764090657234192, 0.6325368285179138, 0.5792442560195923, 0.5485886335372925, 0.7588426470756531, 0.6579598188400269, 0.7329981923103333, 0.7511721849441528, 0.6010095477104187, 0.7682884335517883, 0.7459900975227356, 0.7652426362037659, 0.6409921646118164, 0.5832955241203308, 0.7403030395507812, 0.5866276025772095, 0.5716452598571777, 0.5914230942726135, 0.6289587020874023, 0.6288741230964661, 0.6422102451324463, 0.6394777894020081, 0.6856804490089417, 0.5040774941444397, 0.7312436699867249, 0.6741285920143127, 0.7440346479415894, 0.5906741619110107, 0.7600420117378235, 0.6579868793487549, 0.671985387802124, 0.5663725733757019, 0.7565978765487671, 0.5016730427742004, 0.7527585625648499, 0.5477277040481567, 0.515396237373352, 0.6288064122200012, 0.5741787552833557, 0.5087573528289795, 0.7192734479904175, 0.7531952857971191, 0.7420693635940552, 0.7543907165527344, 0.6341986656188965, 0.5475649237632751, 