{"metrics": ["accuracy"], "train.score": {"loss": [0.3034654980604078, 0.2822839302915922, 0.257691965346605], "accuracy": [0.8639964788732394, 0.8692781690140845, 0.8829225352112676]}, "val.score": {"loss": [0.2515611644420359, 0.24384521610207027, 0.23461400324271786], "accuracy": [0.8999999999999999, 0.901388888888889, 0.9048611111111112]}, "n_epochs": 3, "stopped_epoch": 2, "monitor": "accuracy", "best_epoch": 2, "best_score": 0.9048611111111112, "best_chk": "../output/testexp.train_1.model_2.chk"}