{"score_map": {"accuracy": 0.88225, "f1": 0.8730729096523047}, "output_labels": [0, 0, 0, 0, 1, 1, 0, 0, 1, 0, 0, 0, 0, 0, 1, 1, 1, 0, 0, 0, 0, 0, 0, 0, 1, 0, 0, 0, 1, 0, 1, 0, 0, 0, 0, 0, 0, 1, 1, 0, 1, 1, 0, 0, 1, 0, 0, 1, 0, 1, 0, 1, 1, 1, 0, 1, 1, 1, 0, 0, 0, 1, 0, 1, 1, 0, 0, 0, 1, 1, 0, 0, 1, 1, 1, 0, 0, 0, 0, 0, 0, 1, 0, 0, 0, 1, 0, 0, 0, 1, 1, 1, 1, 1, 0, 0, 1, 1, 0, 0, 1, 0, 0, 0, 0, 1, 1, 1, 0, 0, 1, 1, 1, 0, 1, 0, 1, 0, 1, 0, 0, 1, 1, 0, 0, 1, 1, 1, 0, 1, 0, 0, 0, 0, 0, 0, 0, 0, 0, 1, 1, 1, 0, 0, 0, 0, 0, 0, 0, 1, 1, 0, 1, 0, 0, 0, 0, 1, 1, 1, 0, 0, 1, 1, 0, 0, 1, 0, 1, 0, 0, 0, 1, 0, 0, 0, 0, 0, 1, 1, 0, 1, 1, 0, 0, 0, 1, 1, 1, 1, 0, 0, 1, 1, 0, 0, 0, 0, 0, 1, 0, 1, 1, 1, 1, 0, 1, 0, 1, 0, 0, 0, 0, 1, 0, 0, 1, 1, 1, 0, 0, 0, 0, 1, 0, 1, 0, 1, 0, 1, 1, 1, 0, 1, 1, 1, 0, 0, 0, 1, 0, 0, 1, 0, 0, 1, 0, 1, 1, 0, 0, 0, 1, 1, 1, 0, 0, 1, 1, 0, 1, 0, 0, 0, 0, 1, 0, 0, 0, 1, 1, 1, 1, 1, 1, 1, 0, 1, 0, 0, 0, 1, 0, 0, 1, 0, 0, 1, 0, 1, 1, 1, 0, 1, 0, 0, 1, 1, 0, 0, 1, 1, 0, 0, 0, 1, 0, 1, 1, 1, 0, 1, 1, 1, 1, 0, 0, 0, 0, 0, 1, 1, 1, 0, 1, 0, 0, 1, 1, 1, 0, 0, 1, 1, 0, 0, 0, 1, 1, 0, 1, 1, 0, 0, 1, 1, 0, 0, 1, 0, 0, 0, 0, 0, 0, 1, 1, 1, 0, 0, 1, 1, 1, 1, 1, 0, 0, 1, 1, 1, 0, 0, 1, 1, 1, 0, 0, 1, 0, 0, 0, 1, 1, 0, 0, 0, 0, 0, 0, 0, 0, 1, 0, 1, 1, 0, 1, 0, 0, 0, 1, 0, 0, 0, 1, 0, 0, 1, 1, 0, 0, 0, 0, 0, 0, 0, 0, 1, 0, 1, 1, 1, 0, 1, 1, 0, 1, 1, 1, 1, 1, 1, 0, 0, 0, 1, 0, 1, 0, 1, 0, 1, 0, 0, 1, 0, 0, 0, 0, 0, 0, 1, 0, 0, 0, 0, 0, 0, 0, 0, 0, 0, 0, 0, 1, 1, 1, 1, 1, 0, 0, 0, 0, 1, 1, 1, 0, 1, 0, 1, 0, 1, 1, 1, 0, 1, 0, 1, 1, 1, 0, 1, 0, 1, 0, 0, 1, 1, 1, 0, 1, 0, 0, 0, 1, 0, 0, 0, 0, 0, 0, 0, 1, 0, 0, 0, 1, 1, 0, 0, 1, 0, 0, 1, 1, 0, 1, 0, 0, 0, 0, 0, 1, 0, 1, 1, 0, 0, 0, 0, 1, 0, 1, 1, 0, 1, 0, 1, 0, 1, 0, 0, 0, 0, 0, 0, 0, 0, 0, 1, 0, 0, 1, 1, 1, 1, 0, 1, 1, 1, 1, 0, 1, 0, 0, 1, 0, 0, 1, 0, 1, 1, 0, 1, 0, 0, 0, 1, 1, 0, 0, 1, 0, 0, 1, 0, 1, 1, 1, 0, 1, 1, 1, 0, 1, 0, 1, 0, 0, 0, 0, 0, 1, 0, 1, 1, 0, 1, 1, 0, 1, 0, 1, 1, 0, 0, 0, 0, 0, 0, 0, 1, 0, 0, 1, 0, 0, 0, 0, 1, 1, 0, 1, 0, 0, 1, 0, 1, 1, 0, 0, 0, 1, 0, 0, 0, 0, 1, 0, 1, 0, 0, 0, 1, 0, 1, 0, 1, 0, 0, 1, 0, 0, 0, 0, 0, 1, 1, 0, 1, 1, 1, 0, 1, 0, 0, 0, 0, 0, 0, 0, 1, 1, 0, 1, 1, 0, 1, 0, 1, 0, 1, 1, 0, 0, 0, 1, 1, 1, 1, 0, 0, 1, 1, 0, 0, 0, 1, 1, 0, 0, 1, 0, 0, 0, 1, 0, 0, 1, 1, 1, 1, 1, 0, 0, 1, 1, 1, 1, 1, 0, 1, 0, 1, 1, 1, 0, 1, 1, 0, 1, 0, 0, 1, 1, 1, 1, 1, 0, 0, 1, 1, 0, 1, 1], "output_probs": [0.9987545609474182, 0.9989932179450989, 0.9995785355567932, 0.9980723261833191, 0.9787107110023499, 0.999721109867096, 0.9995678663253784, 0.999578058719635, 0.9996944069862366, 0.9995394945144653, 0.9913425445556641, 0.9995664358139038, 0.9988876581192017, 0.9990987181663513, 0.9996715188026428, 0.9995168447494507, 0.9994320273399353, 0.9991313219070435, 0.9991816282272339, 0.9994882345199585, 0.9994494318962097, 0.9867438673973083, 0.9946300387382507, 0.9993805289268494, 0.9937049150466919, 0.9990622401237488, 0.9992411732673645, 0.9975265860557556, 0.9996729493141174, 0.9991025328636169, 0.9997363686561584, 0.9954283237457275, 0.9171249270439148, 0.9940544366836548, 0.9995461702346802, 0.9673600196838379, 0.999254047870636, 0.9997273087501526, 0.9996510148048401, 0.8759623765945435, 0.9997725486755371, 0.9697167873382568, 0.9877105355262756, 0.9957905411720276, 0.9997351765632629, 0.9993176460266113, 0.9995509386062622, 0.9992742538452148, 0.9989393353462219, 0.9996684193611145, 0.9996309876441956, 0.9962345957756042, 0.9996891617774963, 0.7622342705726624, 0.9981679916381836, 0.9996972680091858, 0.9740555286407471, 0.9073763489723206, 0.9992873668670654, 0.9993709921836853, 0.9895538091659546, 0.9996131062507629, 0.9995120763778687, 0.9997563362121582, 0.9989903569221497, 0.9950768947601318, 0.9928833842277527, 0.9991413354873657, 0.9993536472320557, 0.9994224905967712, 0.9992290139198303, 0.9991582632064819, 0.999468207359314, 0.9996815323829651, 0.9995825886726379, 0.9994463324546814, 0.9990734457969666, 0.9993155002593994, 0.9581637978553772, 0.9430996179580688, 0.999606192111969, 0.9996090531349182, 0.9977863430976868, 0.9995856881141663, 0.9980380535125732, 0.9997584819793701, 0.9986364841461182, 0.9990217685699463, 0.9990600943565369, 0.9809470176696777, 0.9997420907020569, 0.9997096657752991, 0.9993352890014648, 0.9996522068977356, 0.9982227683067322, 0.9994212985038757, 0.99950110912323, 0.9995619058609009, 0.9996147751808167, 0.9992430806159973, 0.9643841981887817, 0.9995213747024536, 0.7517254948616028, 0.9704058766365051, 0.9991265535354614, 0.9997184872627258, 0.9947388768196106, 0.9970113635063171, 0.999330997467041, 0.7735433578491211, 0.9996641278266907, 0.999755859375, 0.9996638894081116, 0.9992480874061584, 0.7699341773986816, 0.803820788860321, 0.9995285272598267, 0.9991422891616821, 0.9997432827949524, 0.9983712434768677, 0.9987757802009583, 0.9997206330299377, 0.9996889233589172, 0.8828110098838806, 0.9991217851638794, 0.9990677237510681, 0.9990396499633789, 0.9997182488441467, 0.9994605779647827, 0.9987533688545227, 0.9419300556182861, 0.9996088147163391, 0.6012415885925293, 0.9991625547409058, 0.9990010261535645, 0.9993888735771179, 0.9635145664215088, 0.9989431500434875, 0.9993874430656433, 0.9996529221534729, 0.9997444748878479, 0.9990605711936951, 0.8537247180938721, 0.9977054595947266, 0.9988526701927185, 0.9996004700660706, 0.9881406426429749, 0.9576637744903564, 0.9889307022094727, 0.9996915459632874, 0.8612695336341858, 0.9995642900466919, 0.9997397065162659, 0.9995866417884827, 0.9993431568145752, 0.999347448348999, 0.9927337765693665, 0.9997032284736633, 0.999711811542511, 0.9992292523384094, 0.9992075562477112, 0.9957473278045654, 0.9990499019622803, 0.9993181228637695, 0.9996181130409241, 0.9991635084152222, 0.9996772408485413, 0.9987562298774719, 0.9997158646583557, 0.9993953108787537, 0.999468207359314, 0.9978741407394409, 0.9997084736824036, 0.9987457394599915, 0.9934237003326416, 0.9985938668251038, 0.9994162917137146, 0.9994686841964722, 0.999363362789154, 0.9996727108955383, 0.9326145648956299, 0.9238370656967163, 0.9997127652168274, 0.9989762902259827, 0.9955514669418335, 0.9994670152664185, 0.9991904497146606, 0.9994251132011414, 0.9997506737709045, 0.9996307492256165, 0.9901503920555115, 0.9550343155860901, 0.9985238313674927, 0.9997268319129944, 0.9994543790817261, 0.9993157386779785, 0.9992904663085938, 0.9989867806434631, 0.9963904619216919, 0.9997311234474182, 0.9993619322776794, 0.9992928504943848, 0.999482274055481, 0.9472705721855164, 0.9997082352638245, 0.9995344877243042, 0.999725878238678, 0.9778002500534058, 0.9997268319129944, 0.9994456171989441, 0.9866471886634827, 0.9995125532150269, 0.9992190003395081, 0.7783324122428894, 0.9963562488555908, 0.7635435461997986, 0.9993147850036621, 0.9994825124740601, 0.9937992095947266, 0.9894233345985413, 0.9993417263031006, 0.9066206216812134, 0.6659451723098755, 0.9997599124908447, 0.9994901418685913, 0.9997103810310364, 0.9991527795791626, 0.9995280504226685, 0.9379966259002686, 0.9996834397315979, 0.9991413354873657, 0.9972329139709473, 0.9989203214645386, 0.9854851365089417, 0.9996340870857239, 0.9340894818305969, 0.9988000392913818, 0.9989541172981262, 0.9991668462753296, 0.9249393343925476, 0.9984457492828369, 0.9962284564971924, 0.9997075200080872, 0.9908515214920044, 0.9992721080780029, 0.9979633688926697, 0.9992280602455139, 0.9997082352638245, 0.9996379017829895, 0.9995015859603882, 0.999410092830658, 0.9994005560874939, 0.9968323707580566, 0.9995871186256409, 0.9997782707214355, 0.9930545687675476, 0.962634801864624, 0.9878485798835754, 0.9994027018547058, 0.9954005479812622, 0.999735414981842, 0.9988688826560974, 0.9962186813354492, 0.9981377720832825, 0.9983896017074585, 0.9761512279510498, 0.8827283978462219, 0.9919695854187012, 0.999200165271759, 0.9997549653053284, 0.9994877576828003, 0.9651387929916382, 0.9995511770248413, 0.9997587203979492, 0.6045951247215271, 0.9997101426124573, 0.9994530081748962, 0.9996915459632874, 0.9996724724769592, 0.9994215369224548, 0.9978194236755371, 