{"metrics": ["accuracy"], "train.score": {"loss": [1.3886194649864645, 1.0360576834748774, 0.7897320792955511, 0.6947227164226419, 0.5819313210599563, 0.5238621252424577, 0.49596381538054524, 0.449798963525716, 0.4550694279810962, 0.40863587926415834, 0.4037676436059615, 0.3855675791992861, 0.3704459886340534, 0.3745895282310598, 0.3346849048838896, 0.33823373300187726, 0.2973536226679297, 0.2878192198627135, 0.30014915282235427, 0.2816781734718996, 0.26630352612803965, 0.25052113831043243, 0.23885609099970145, 0.22476759509128683, 0.18974342197179794, 0.1932996704297907, 0.16455518673448002, 0.16899744881426587, 0.15393079335198684, 0.14128229580819607, 0.13276096926454237, 0.09573097768075325, 0.11276639121420243, 0.09016790755969636, 0.09406937253387536, 0.0929964354590458, 0.07319441602072295, 0.0643643428955008, 0.06674182634143268, 0.049888241597834754, 0.05371144852217506, 0.037840552628040314, 0.03679991724407848, 0.034747993395499444, 0.035475681316764915, 0.03251924560925759, 0.03204523048856679, 0.03463722228565637, 0.04596507391782806, 0.026351870886762354, 0.030055454247357213, 0.018170751850394642, 0.022774439955623272, 0.02054238660425386, 0.008974449414595524, 0.017957484048298177, 0.011596412596511929, 0.013296185335253967, 0.009375351361300358, 0.023365219589322805, 0.014733440119444448, 0.008920802358154427], "accuracy": [0.6929179566563467, 0.7291021671826625, 0.7658668730650156, 0.7713815789473685, 0.7818304953560372, 0.7897639318885449, 0.7897639318885449, 0.8038893188854489, 0.8020510835913313, 0.8272058823529411, 0.829624613003096, 0.8369775541795665, 0.8289473684210525, 0.829624613003096, 0.8553599071207431, 0.8492647058823529, 0.8658088235294118, 0.8792569659442725, 0.8700657894736842, 0.8866099071207431, 0.8755804953560372, 0.8952205882352942, 0.90625, 0.9080882352941176, 0.9209558823529411, 0.9270510835913313, 0.9411764705882353, 0.9393382352941176, 0.9411764705882353, 0.9485294117647058, 0.9503676470588235, 0.9779411764705882, 0.9613970588235294, 0.9693304953560371, 0.9656540247678018, 0.9705882352941176, 0.9779411764705882, 0.9871323529411765, 0.9656540247678018, 0.9889705882352942, 0.9785216718266253, 0.9889705882352942, 0.9908088235294118, 0.9834558823529411, 0.9908088235294118, 0.9852941176470589, 0.9908088235294118, 0.9908088235294118, 0.9889705882352942, 0.9871323529411765, 0.9926470588235294, 0.9913893188854488, 0.9889705882352942, 0.9926470588235294, 0.9981617647058824, 0.9963235294117647, 0.9963235294117647, 0.9944852941176471, 1.0, 0.9908088235294118, 0.9926470588235294, 0.9963235294117647]}, "val.score": {"loss": [0.9716876387596131, 0.7659911811351776, 0.6495956361293793, 0.5659482955932618, 0.5060342729091645, 0.46816126704216005, 0.44532042145729067, 0.4301156222820282, 0.41814822554588316, 0.4089838981628418, 0.4002395808696747, 0.3920665383338928, 0.38528652489185333, 0.3780278593301773, 0.37129955887794497, 0.36471604704856875, 0.35977043509483336, 0.35459656119346616, 0.3497903823852539, 0.3460516154766083, 0.33755122423171996, 0.3338614344596863, 0.3308956742286682, 0.32563899755477904, 0.32579420804977416, 0.32097398638725283, 0.31896700263023375, 0.32265802621841433, 0.31736751198768615, 0.31485167145729065, 0.3165338963270187, 0.3267736226320267, 0.3214294910430908, 0.3187302589416504, 0.31451497673988343, 0.32812027633190155, 0.3549893260002136, 0.34283697605133057, 0.3476469278335571, 0.35408284366130827, 0.3444767534732819, 0.33429872393608095, 0.35411759912967683, 0.4041177809238434, 0.3949625134468079, 0.41380279660224917, 0.43222969174385073, 0.4084436595439911, 0.4242128312587738, 0.38359344005584717, 0.40888110995292665, 0.4420857012271881, 0.4578518092632294, 0.47515745759010314, 0.4776983350515366, 0.48308839797973635, 0.4885686576366425, 0.5153059422969818, 0.526062673330307, 0.5451397120952606, 0.5422440290451049, 0.5393072068691254], "accuracy": [0.73875, 0.7325, 0.745, 0.745, 0.75125, 0.77, 0.795, 0.795, 0.7887500000000001, 0.8012499999999999, 0.85375, 0.85375, 0.85375, 0.85375, 0.85375, 0.86, 0.86625, 0.86625, 0.86625, 0.86625, 0.86625, 0.86625, 0.86625, 0.8724999999999999, 0.8787499999999999, 0.8724999999999999, 0.8724999999999999, 0.8724999999999999, 0.8787499999999999, 0.885, 0.8787499999999999, 0.8787499999999999, 0.885, 0.885, 0.89125, 0.885, 0.8787499999999999, 0.885, 0.89125, 0.885, 0.89125, 0.9037499999999999, 0.89125, 0.8975, 0.8975, 0.9037499999999999, 0.9099999999999999, 0.89125, 0.8975, 0.9037499999999999, 0.9037499999999999, 0.9099999999999999, 0.9037499999999999, 0.9099999999999999, 0.8975, 0.8975, 0.89125, 0.9037499999999999, 0.885, 0.89125, 0.8975, 0.885]}, "n_epochs": 150, "stopped_epoch": 61, "monitor": "accuracy", "best_epoch": 46, "best_score": 0.9099999999999999, "best_chk": "../output/exp5/train.1.model_46.chk"}