{"metrics": ["accuracy", "f1", "roc_auc"], "score_map": {"accuracy": 0.8313172043010754, "f1": 0.0, "roc_auc": 0.5858128078817734}, "input_labels": [0, 0, 0, 0, 0, 0, 0, 1, 0, 0, 0, 0, 0, 0, 1, 0, 0, 0, 0, 0, 0, 0, 0, 0, 0, 1, 0, 0, 0, 0, 0, 0, 0, 0, 0, 0, 0, 1, 0, 0, 1, 0, 1, 0, 1, 0, 0, 0, 0, 0, 0, 0, 1, 0, 1, 1, 0, 0, 0, 0, 0, 0, 0, 0, 1, 0, 0, 0, 0, 1, 1, 0, 0, 0, 0, 0, 0, 0, 0, 0, 0, 0, 0, 1, 1, 1, 0, 0, 0, 0, 0, 0, 0, 0, 0], "output_labels": [0, 0, 0, 0, 0, 0, 0, 0, 0, 0, 0, 0, 0, 0, 0, 0, 0, 0, 0, 0, 0, 0, 0, 0, 0, 0, 0, 0, 0, 0, 0, 0, 0, 0, 0, 0, 0, 0, 0, 0, 0, 0, 0, 0, 0, 0, 0, 0, 0, 0, 0, 0, 0, 0, 0, 0, 0, 0, 0, 0, 0, 0, 0, 0, 0, 0, 0, 0, 0, 0, 0, 0, 0, 0, 0, 0, 0, 0, 0, 0, 0, 0, 0, 0, 0, 0, 0, 0, 0, 0, 0, 0, 0, 0, 0], "output_probs": [0.4467660188674927, 0.44300442934036255, 0.4409603476524353, 0.44101542234420776, 0.4375424385070801, 0.44574111700057983, 0.4565901756286621, 0.4452923536300659, 0.43003636598587036, 0.44034886360168457, 0.4378131628036499, 0.4479273557662964, 0.4513334035873413, 0.4455656409263611, 0.4438801407814026, 0.4306492209434509, 0.460580050945282, 0.44217371940612793, 0.4263077974319458, 0.42692863941192627, 0.43408727645874023, 0.4330524206161499, 0.4328804016113281, 0.44564783573150635, 0.4489917755126953, 0.43758219480514526, 0.43986010551452637, 0.4360966682434082, 0.4325382113456726, 0.44426238536834717, 0.43863213062286377, 0.4443747401237488, 0.43655943870544434, 0.45159459114074707, 0.4363518953323364, 0.4486168622970581, 0.4472185969352722, 0.44170451164245605, 0.4322136640548706, 0.4533275365829468, 0.4308653473854065, 0.4394480586051941, 0.4498465061187744, 0.43659162521362305, 0.4484449028968811, 0.44316595792770386, 0.43098288774490356, 0.4527268409729004, 0.4257164001464844, 0.443786084651947, 0.4291486144065857, 0.45080405473709106, 0.4351292848587036, 0.44709116220474243, 0.4363037943840027, 0.46653199195861816, 0.46245330572128296, 0.43428778648376465, 0.44671785831451416, 0.4496272802352905, 0.45108723640441895, 0.4474334120750427, 0.44735634326934814, 0.43241673707962036, 0.4525895118713379, 0.4380757808685303, 0.43004274368286133, 0.4561993479728699, 0.4398290514945984, 0.4519925117492676, 0.4490114450454712, 0.4419596195220947, 0.4280911087989807, 0.4551559090614319, 0.4419681429862976, 0.4511563181877136, 0.4331842064857483, 0.4377647638320923, 0.4472900629043579, 0.44067710638046265, 0.44011640548706055, 0.45246565341949463, 0.43554240465164185, 0.44875913858413696, 0.433840274810791, 0.4469645619392395, 0.43530410528182983, 0.4249153137207031, 0.44396018981933594, 0.44788432121276855, 0.4572903513908386, 0.4302777647972107, 0.4263402819633484, 0.43567150831222534, 0.42862755060195923]}