{"metrics": ["accuracy", "f1", "roc_auc"], "score_map": {"accuracy": 0.8313172043010754, "f1": 0.0, "roc_auc": 0.5728327228327228}, "input_labels": [0, 0, 0, 0, 0, 0, 0, 0, 0, 0, 0, 0, 0, 1, 0, 0, 0, 0, 1, 0, 0, 0, 0, 0, 0, 0, 0, 1, 1, 0, 0, 0, 0, 0, 0, 1, 0, 0, 0, 1, 0, 0, 0, 1, 0, 0, 0, 0, 0, 1, 0, 0, 0, 0, 1, 0, 0, 0, 0, 0, 1, 0, 0, 0, 0, 0, 1, 0, 0, 0, 0, 0, 0, 0, 0, 1, 0, 0, 1, 1, 0, 0, 0, 0, 0, 0, 1, 0, 0, 0, 0, 0, 0, 1, 0], "output_labels": [0, 0, 0, 0, 0, 0, 0, 0, 0, 0, 0, 0, 0, 0, 0, 0, 0, 0, 0, 0, 0, 0, 0, 0, 0, 0, 0, 0, 0, 0, 0, 0, 0, 0, 0, 0, 0, 0, 0, 0, 0, 0, 0, 0, 0, 0, 0, 0, 0, 0, 0, 0, 0, 0, 0, 0, 0, 0, 0, 0, 0, 0, 0, 0, 0, 0, 0, 0, 0, 0, 0, 0, 0, 0, 0, 0, 0, 0, 0, 0, 0, 0, 0, 0, 0, 0, 0, 0, 0, 0, 0, 0, 0, 0, 0], "output_probs": [0.05746811628341675, 0.05728411674499512, 0.05710333585739136, 0.05687958002090454, 0.05722850561141968, 0.05682873725891113, 0.05637383460998535, 0.057070016860961914, 0.05743902921676636, 0.056978464126586914, 0.05712854862213135, 0.05673950910568237, 0.05707716941833496, 0.057123661041259766, 0.05682629346847534, 0.05695241689682007, 0.0570562481880188, 0.057110488414764404, 0.057237327098846436, 0.056954264640808105, 0.0569767951965332, 0.057275474071502686, 0.057174742221832275, 0.05688440799713135, 0.05686187744140625, 0.057524025440216064, 0.05716341733932495, 0.057143986225128174, 0.057075679302215576, 0.05719631910324097, 0.05716913938522339, 0.057037532329559326, 0.05691307783126831, 0.05703318119049072, 0.05710756778717041, 0.056890666484832764, 0.05671250820159912, 0.056597232818603516, 0.05733335018157959, 0.05720621347427368, 0.056803762912750244, 0.05731254816055298, 0.05699896812438965, 0.05699056386947632, 0.05728238821029663, 0.056955039501190186, 0.05725520849227905, 0.05704832077026367, 0.05682557821273804, 0.056991755962371826, 0.05775874853134155, 0.05706888437271118, 0.05666297674179077, 0.057375431060791016, 0.05724835395812988, 0.056853294372558594, 0.05701935291290283, 0.057194650173187256, 0.05670386552810669, 0.05751234292984009, 0.05676788091659546, 0.05664241313934326, 0.05708402395248413, 0.05740708112716675, 0.056760311126708984, 0.05707937479019165, 0.05678683519363403, 0.05712723731994629, 0.05738961696624756, 0.05673098564147949, 0.05691772699356079, 0.056233108043670654, 0.056978046894073486, 0.05717730522155762, 0.05676543712615967, 0.057368695735931396, 0.05696767568588257, 0.05678445100784302, 0.05685067176818848, 0.05729943513870239, 0.057235896587371826, 0.05692702531814575, 0.05701172351837158, 0.05693542957305908, 0.05695652961730957, 0.05693256855010986, 0.05710625648498535, 0.05666631460189819, 0.057170331478118896, 0.05735146999359131, 0.05711406469345093, 0.05697298049926758, 0.056873977184295654, 0.057110726833343506, 0.056873440742492676]}