{"metrics": ["accuracy"], "train.score": {"loss": [0.6770147383213043, 1.4891862571239471, 0.7635912299156189, 0.5048038363456726, 0.5415143370628357], "accuracy": [0.6020833333333333, 0.44583333333333336, 0.5541666666666667, 0.8208333333333333, 0.8208333333333333]}, "val.score": {"loss": [2.2762203216552734, 0.8691372871398926, 0.5803791284561157, 0.5748525857925415, 0.4925180673599243], "accuracy": [0.1875, 0.8125, 0.8125, 0.8125, 0.8125]}, "n_epochs": 5, "stopped_epoch": 4, "monitor": "accuracy", "best_epoch": 1, "best_score": 0.8125, "best_chk": "../output/testexp/train.0.model_1.chk"}