{"metrics": ["accuracy"], "train.score": {"loss": [0.6794287363688151, 0.6715844472249349, 0.6676641503969828], "accuracy": [0.6909722222222222, 0.71875, 0.7986111111111112]}, "val.score": {"loss": [0.6887756586074829, 0.6804461479187012, 0.6675488352775574], "accuracy": [0.5263157894736842, 0.7894736842105263, 0.8421052631578947]}, "n_epochs": 3, "stopped_epoch": 2, "monitor": "accuracy", "best_epoch": 2, "best_score": 0.8421052631578947, "best_chk": "../output/testexp/train.0.model_2.chk"}