{"metrics": ["accuracy"], "train.score": {"loss": [0.7139239509900411, 0.6220353643099467], "accuracy": [0.35763888888888884, 0.8472222222222222]}, "val.score": {"loss": [0.6481999754905701, 0.5711334943771362], "accuracy": [0.8421052631578947, 0.8421052631578947]}, "n_epochs": 3, "stopped_epoch": 1, "monitor": "accuracy", "best_epoch": 0, "best_score": 0.8421052631578947, "best_chk": "../output/testexp/train.0.model_0.chk"}