{"metrics": ["accuracy"], "train.score": {"loss": [0.8557711640993754, 0.5338111519813538, 0.5060228109359741, 0.4601866801579793], "accuracy": [0.4513888888888889, 0.7465277777777778, 0.8298611111111112, 0.8298611111111112]}, "val.score": {"loss": [0.529626727104187, 0.440032958984375, 0.44250524044036865, 0.43795308470726013], "accuracy": [0.8421052631578947, 0.8421052631578947, 0.8421052631578947, 0.8421052631578947]}, "n_epochs": 5, "stopped_epoch": 3, "monitor": "accuracy", "best_epoch": 0, "best_score": 0.8421052631578947, "best_chk": "../output/testexp/train.0.model_0.chk"}