{"metrics": ["accuracy"], "train.score": {"loss": [0.6825246016184489, 0.6060283581415812], "accuracy": [0.5902777777777778, 0.8298611111111112]}, "val.score": {"loss": [0.6256592273712158, 0.5586938858032227], "accuracy": [0.8421052631578947, 0.8421052631578947]}, "n_epochs": 3, "stopped_epoch": 1, "monitor": "accuracy", "best_epoch": 0, "best_score": 0.8421052631578947, "best_chk": "../output/testexp/train.0.model_0.chk"}