{"metrics": ["accuracy"], "train.score": {"loss": [0.9137395024299622, 0.4466066261132558, 0.6542997558911642, 0.5584477384885153], "accuracy": [0.548611111111111, 0.8472222222222222, 0.6597222222222222, 0.8472222222222222]}, "val.score": {"loss": [0.4781881272792816, 0.4689309895038605, 0.5751703381538391, 0.4545184075832367], "accuracy": [0.8421052631578947, 0.8421052631578947, 0.8421052631578947, 0.8421052631578947]}, "n_epochs": 5, "stopped_epoch": 3, "monitor": "accuracy", "best_epoch": 0, "best_score": 0.8421052631578947, "best_chk": "../output/testexp/train.0.model_0.chk"}