{"metrics": ["accuracy"], "train.score": {"loss": [0.7618988851706187, 0.6073367794354757, 0.6902083059151968, 0.5320751965045929], "accuracy": [0.6840277777777778, 0.7118055555555555, 0.7847222222222222, 0.7951388888888888]}, "val.score": {"loss": [0.44417405128479004, 0.5501486659049988, 0.4700624644756317, 0.4820382595062256], "accuracy": [0.8421052631578947, 0.7368421052631579, 0.8421052631578947, 0.8421052631578947]}, "n_epochs": 5, "stopped_epoch": 3, "monitor": "accuracy", "best_epoch": 0, "best_score": 0.8421052631578947, "best_chk": "../output/testexp/train.0.model_0.chk"}