{"score_map": {"accuracy": 0.6848229166666666, "f1": 0.6326076976869026}, "output_labels": [1, 0, 0, 0, 0, 0, 0, 1, 0, 1, 0, 1, 1, 1, 1, 0, 0, 0, 0, 0, 0, 0, 1, 1, 1, 0, 1, 1, 0, 0, 1, 0, 0, 0, 0, 0, 0, 1, 1, 0, 0, 0, 0, 0, 0, 1, 0, 0, 1, 0, 1, 0, 1, 0, 0, 0, 0, 0, 0, 0, 0, 0, 0, 1, 0, 0, 1, 1, 0, 0, 0, 1, 0, 1, 0, 0, 1, 1, 0, 1, 0, 1, 0, 0, 1, 0, 0, 1, 0, 1, 0, 0, 1, 0, 0, 1, 1, 0, 0, 0, 1, 0, 0, 1, 1, 0, 0, 0, 0, 0, 0, 0, 0, 1, 0, 1, 0, 0, 0, 1, 0, 1, 1, 0, 0, 1, 0, 1, 0, 1, 1, 1, 0, 0, 1, 1, 1, 1, 0, 1, 1, 0, 1, 1, 0, 1, 1, 1, 0, 1, 1, 1, 1, 0, 1, 1, 0, 0, 1, 0, 1, 1, 1, 1, 0, 1, 1, 0, 0, 0, 0, 1, 1, 0, 0, 1, 0, 0, 0, 1, 1, 0, 1, 0, 0, 0, 0, 1, 0, 1, 0, 1, 1, 0, 1, 1, 1, 0, 1, 0, 1, 0, 1, 0, 0, 0, 0, 1, 0, 0, 1, 0, 0, 0, 0, 0, 1, 0, 0, 0, 0, 0, 0, 0, 1, 0, 0, 1, 0, 0, 0, 1, 0, 0, 0, 1, 0, 0, 0, 0, 0, 1, 0, 1, 1, 1, 1, 0, 1, 0, 1, 0, 1, 0, 1, 1, 1, 1, 1, 0, 1, 1, 1, 1, 0, 0, 0, 0, 0, 0, 1, 1, 0, 0, 0, 1, 0, 1, 0, 0, 1, 1, 0, 0, 1, 0, 0, 1, 0, 0, 1, 1, 0, 0, 1, 1, 0, 0, 0, 1, 1, 0, 0, 0, 0, 0, 0, 0, 0, 1, 1, 0, 0, 0, 0, 1, 0, 0, 0, 0, 0, 0, 1, 0, 1, 0, 0, 0, 0, 0, 0, 1, 1, 0, 1, 1, 0, 1, 0, 0, 0, 1, 1, 1, 1, 1, 0, 0, 1, 1, 0, 0, 0, 0, 1, 1, 1, 0, 0, 1, 0, 0, 0, 0, 1, 0, 0, 1, 1, 1, 0, 1, 1, 0, 0, 1, 1, 0, 0, 0, 0, 1, 1, 0, 1, 0, 0, 0, 1, 0, 1, 0, 0, 0, 0, 1, 0, 0, 0, 1, 0, 0, 0, 1, 0, 0, 1, 1, 0, 1, 1, 0, 0, 0, 1, 1, 0, 1, 0, 0, 1, 0, 0, 0, 0, 0, 0, 0, 1, 1, 1, 0, 0, 0, 0, 1, 1, 1, 0, 0, 1, 0, 1, 0, 0, 1, 1, 0, 0, 0, 0, 0, 1, 0, 1, 0, 0, 0, 1, 1, 0, 1, 1, 0, 0, 0, 1, 0, 0, 1, 1, 0, 1, 0, 0, 0, 1, 0, 1, 0, 1, 0, 0, 0, 0, 0, 0, 0, 0, 1, 0, 1, 1, 0, 0, 1, 0, 0, 0, 1, 0, 1, 1, 1, 0, 1, 0, 0, 0, 0, 1, 1, 0, 1, 0, 1, 0, 0, 1, 0, 1, 1, 1, 0, 1, 0, 1, 1, 0, 1, 0, 0, 0, 0, 0, 1, 0, 1, 1, 0, 0, 0, 0, 0, 1, 0, 0, 0, 1, 1, 0, 0, 0, 0, 0, 1, 1, 1, 1, 0, 0, 1, 0, 0, 1, 1, 1, 1, 1, 0, 1, 0, 0, 0, 1, 0, 1, 1, 1, 1, 0, 0, 1, 0, 0, 0, 0, 1, 1, 0, 0, 0, 0, 0, 0, 0, 0, 1, 0, 0, 0, 0, 0, 1, 0, 0, 0, 1, 0, 0, 0, 1, 0, 0, 1, 0, 0, 0, 0, 0, 0, 0, 0, 0, 0, 0, 0, 0, 0, 1, 1, 1, 1, 0, 0, 0, 0, 1, 1, 0, 0, 0, 1, 0, 1, 0, 0, 0, 1, 0, 1, 0, 0, 0, 0, 1, 1, 1, 0, 1, 0, 1, 0, 0, 0, 0, 1, 0, 0, 1, 0, 0, 1, 0, 0, 0, 1, 1, 0, 1, 1, 0, 1, 0, 1, 0, 0, 1, 1, 1, 0, 0, 0, 0, 1, 0, 1, 0, 0, 0, 1, 1, 0, 1, 0, 0, 1, 0, 0, 0, 1, 0, 0, 0, 0, 1, 0, 0, 0, 0, 0, 0, 0, 0, 0, 0, 0, 0, 0, 1, 0, 1, 0, 1, 0, 0, 0, 0, 0, 1, 0, 0, 1, 1, 1, 1, 1, 0, 0, 0, 1, 1, 0, 0, 0, 0, 0, 0, 1, 0, 1, 1, 1, 0, 0], "output_probs": [0.5176076889038086, 0.5000786781311035, 0.5575206875801086, 0.5666084289550781, 0.5712782144546509, 0.5703654289245605, 0.5605707764625549, 0.577873706817627, 0.5133106112480164, 0.5260895490646362, 0.5585228800773621, 0.5181869268417358, 0.5447978377342224, 0.5096864700317383, 0.5372662544250488, 0.5597063899040222, 0.5685942769050598, 0.5455111861228943, 0.5501450300216675, 0.5792607665061951, 0.5622600317001343, 0.5244120359420776, 0.5215775370597839, 0.5536822080612183, 0.5220771431922913, 0.5688769817352295, 0.5334262847900391, 0.5004388093948364, 0.5769733190536499, 0.5241373777389526, 0.5425339341163635, 0.5744579434394836, 0.5725595355033875, 0.5720409750938416, 0.5624045133590698, 0.5759822130203247, 0.5654937028884888, 0.5474653244018555, 0.5577093958854675, 0.5477818846702576, 0.5163710117340088, 0.5718882083892822, 0.5671994090080261, 0.574093759059906, 0.5696506500244141, 0.5412043333053589, 0.5722135901451111, 0.5588876008987427, 0.5298511385917664, 0.5701364278793335, 0.5578354001045227, 0.5656530857086182, 0.5242932438850403, 0.5588667392730713, 0.5641970634460449, 0.5776014924049377, 0.5789796710014343, 0.5497289299964905, 0.5764987468719482, 0.5709877014160156, 0.5752442479133606, 0.5796171426773071, 0.5784478783607483, 0.5458399057388306, 0.5435500144958496, 0.5772609114646912, 0.5622686743736267, 0.5280147790908813, 0.5774271488189697, 0.5581814050674438, 0.5629584789276123, 0.535633385181427, 0.5749503970146179, 0.5920913815498352, 0.5653601288795471, 0.5794398784637451, 0.5498695969581604, 0.5550454258918762, 0.5701872706413269, 0.5444104671478271, 0.573773980140686, 0.5731999278068542, 0.5582570433616638, 0.5621246099472046, 0.5460595488548279, 0.5802274346351624, 0.5009421706199646, 0.5242624878883362, 0.5707746148109436, 0.5676416158676147, 0.5614615678787231, 0.5688105821609497, 0.5073408484458923, 0.5745599865913391, 0.5561295747756958, 0.5198307037353516, 0.5058944821357727, 0.5680589079856873, 0.5731204152107239, 0.5735533237457275, 0.5202215909957886, 0.5628310441970825, 0.5572199821472168, 0.5323636531829834, 0.5516440272331238, 0.5611916780471802, 0.569554328918457, 0.5677631497383118, 0.5636950135231018, 0.5377215147018433, 0.5708984136581421, 0.5601454377174377, 0.5750333070755005, 0.5468620657920837, 0.5214620232582092, 0.5025348663330078, 0.5332543253898621, 0.5056845545768738, 0.5637947916984558, 0.5334421992301941, 0.5626204013824463, 0.5517374277114868, 0.5450255274772644, 0.5631658434867859, 0.57613205909729, 0.5389223694801331, 0.5626713633537292, 0.5396596789360046, 0.5758786201477051, 0.5395682454109192, 0.5672549605369568, 0.5508431196212769, 0.5741775035858154, 0.5618963837623596, 0.5645711421966553, 0.5526177883148193, 0.5025262236595154, 0.5336764454841614, 0.5768831372261047, 0.5510782599449158, 0.5163325667381287, 0.5375325679779053, 0.5465116500854492, 0.5225557684898376, 0.5769405961036682, 0.5422585010528564, 0.5414776802062988, 0.5836385488510132, 0.5694877505302429, 0.5425838232040405, 0.5308735966682434, 0.5351777672767639, 0.5237808227539062, 0.5763967037200928, 0.542221188545227, 0.549789309501648, 0.5711333751678467, 0.5342499017715454, 0.5613110065460205, 0.5703216791152954, 0.5375102162361145, 0.5461871027946472, 0.5431256890296936, 0.5236595273017883, 0.5720700025558472, 0.5178083777427673, 0.5076519250869751, 0.5073984861373901, 0.5692598819732666, 0.5545585751533508, 0.5588453412055969, 0.5447915196418762, 0.5691120624542236, 0.5662241578102112, 0.5673220753669739, 0.5074502825737, 0.5002050995826721, 0.5546889305114746, 0.5630573630332947, 0.5349757671356201, 0.5543997287750244, 0.5311574935913086, 0.5493736267089844, 0.5619596838951111, 0.5721328854560852, 0.5646376609802246, 0.5721325874328613, 0.5154948830604553, 0.5729143023490906, 0.5282599925994873, 0.5765509009361267, 0.5065802335739136, 0.5132838487625122, 0.567625880241394, 0.5335596203804016, 0.5361526012420654, 0.5261358618736267, 0.5647314786911011, 0.5045362710952759, 0.5761899352073669, 0.5360158681869507, 0.5261603593826294, 0.5187051296234131, 0.5806472897529602, 0.5181512832641602, 0.5713173151016235, 0.5636084079742432, 0.5452920198440552, 0.5529668927192688, 0.5683479309082031, 0.5295708179473877, 0.5573345422744751, 0.5656635165214539, 0.5812116265296936, 0.5746856331825256, 0.57841557264328, 0.5434817671775818, 0.5776544213294983, 0.5793132185935974, 0.5746794939041138, 0.5781353116035461, 0.5373197197914124, 0.5682399868965149, 0.5088862180709839, 0.5323255062103271, 0.5758315324783325, 0.5154984593391418, 0.5570436120033264, 0.5517252683639526, 0.5006064772605896, 0.5374757647514343, 0.5553521513938904, 0.5730545520782471, 0.5789627432823181, 0.548190176486969, 0.5399171113967896, 0.5467091798782349, 0.5757307410240173, 0.5769014358520508, 0.5547812581062317, 0.5675567984580994, 0.5427145957946777, 0.5670953392982483, 0.5663376450538635, 0.5828028917312622, 0.5582516193389893, 0.5487966537475586, 0.5800029039382935, 0.5218318700790405, 0.5554085969924927, 0.5744265913963318, 0.5505833029747009, 0.5642067193984985, 0.5731469392776489, 0.5676993131637573, 0.5526126623153687, 0.5067185163497925, 0.5008409023284912, 0.5209888815879822, 0.5671020150184631, 0.5325428247451782, 0.5393949151039124, 0.5448246598243713, 0.5542430281639099, 0.5726723670959473, 0.5746696591377258, 0.5421538949012756, 0.5569918751716614, 0.550592839717865, 0.567701518535614, 0.5377123951911926, 0.5413662791252136, 0.543027400970459, 0.5568149089813232, 0.5758471488952637, 0.5070502161979675, 0.5758366584777832, 0.5437692999839783, 0.575434684753418, 0.5519407391548157, 