{"metrics": ["accuracy"], "train.score": {"loss": [0.6918939387097078, 0.6868217482286341, 0.6689114640740788, 0.6299769738141228, 0.5965564636623159, 0.5903543058563682, 0.5846849329331342, 0.5832787804743823, 0.575263112783432, 0.5754718500025132, 0.5743934775100035, 0.5813367647283217, 0.572177999159869], "accuracy": [0.5402476780185759, 0.6634094427244582, 0.713719040247678, 0.7192337461300309, 0.7192337461300309, 0.7155572755417956, 0.7155572755417956, 0.7192337461300309, 0.7247484520123839, 0.7192337461300309, 0.7210719814241485, 0.7063660990712074, 0.7315208978328173]}, "val.score": {"loss": [0.6894134283065796, 0.6824339032173157, 0.6587064027786255, 0.6247160792350769, 0.6336913466453552, 0.6227671444416046, 0.6264261662960052, 0.6254715263843537, 0.6325229525566101, 0.6224101960659028, 0.6277940213680268, 0.619072437286377, 0.6135322690010071], "accuracy": [0.6599999999999999, 0.6599999999999999, 0.6849999999999999, 0.6849999999999999, 0.6599999999999999, 0.6849999999999999, 0.6725, 0.67875, 0.6537499999999999, 0.6849999999999999, 0.6599999999999999, 0.6849999999999999, 0.6725]}, "n_epochs": 100, "stopped_epoch": 12, "monitor": "accuracy", "best_epoch": 2, "best_score": 0.6849999999999999, "best_chk": "../output/exp2/train.1.model_2.chk"}