{"metrics": ["accuracy"], "train.score": {"loss": [0.6966936256312117, 0.6954492813424219, 0.6957213588153259, 0.6941522676733476, 0.6942226109625418, 0.6940019455137132, 0.6937953961800926, 0.6939601652984377, 0.693966263079945, 0.6938175875929338, 0.6939868229099467], "accuracy": [0.5007143398195529, 0.5032855423511985, 0.49950974616213306, 0.5012266866415297, 0.499658084769728, 0.5022029861298142, 0.5041440125908968, 0.4998558695798546, 0.502292410113116, 0.5021440715055211, 0.5009352696606517]}, "val.score": {"loss": [0.6935668855905532, 0.6970297932624817, 0.6934689313173295, 0.693290501832962, 0.6932632863521576, 0.6931542992591858, 0.6931943371891975, 0.693679404258728, 0.6931971684098244, 0.6932412102818489, 0.6931468546390533], "accuracy": [0.5005022321428572, 0.5005022321428572, 0.5005022321428572, 0.5005022321428572, 0.5005022321428572, 0.5005022321428572, 0.5005022321428572, 0.5005022321428572, 0.5005022321428572, 0.5005022321428572, 0.5005022321428572]}, "n_epochs": 100, "stopped_epoch": 10, "monitor": "accuracy", "best_epoch": 0, "best_score": 0.5005022321428572, "best_chk": "../output/exp2/train.0.model_0.chk"}